"SAMPLE","Tracker","Difference","DateTime","DATE","TIME","Timepoint","TimeDifference","Instrument","CYT","CYTSN","OP","SSC-H_Gain","SSC-A_Gain","V1-A_Gain","V2-A_Gain","V3-A_Gain","V4-A_Gain","V5-A_Gain","V6-A_Gain","V7-A_Gain","V8-A_Gain","V9-A_Gain","V10-A_Gain","V11-A_Gain","V12-A_Gain","V13-A_Gain","V14-A_Gain","V15-A_Gain","V16-A_Gain","FSC-H_Gain","FSC-A_Gain","SSC-B-H_Gain","SSC-B-A_Gain","B1-A_Gain","B2-A_Gain","B3-A_Gain","B4-A_Gain","B5-A_Gain","B6-A_Gain","B7-A_Gain","B8-A_Gain","B9-A_Gain","B10-A_Gain","B11-A_Gain","B12-A_Gain","B13-A_Gain","B14-A_Gain","R1-A_Gain","R2-A_Gain","R3-A_Gain","R4-A_Gain","R5-A_Gain","R6-A_Gain","R7-A_Gain","R8-A_Gain","Violet_LaserDelay","Blue_LaserDelay","Red_LaserDelay","Violet_AreaScalingFactor","Blue_AreaScalingFactor","Red_AreaScalingFactor","SSC-H-% rCV","SSC-A-% rCV","V1-A-% rCV","V2-A-% rCV","V3-A-% rCV","V4-A-% rCV","V5-A-% rCV","V6-A-% rCV","V7-A-% rCV","V8-A-% rCV","V9-A-% rCV","V10-A-% rCV","V11-A-% rCV","V12-A-% rCV","V13-A-% rCV","V14-A-% rCV","V15-A-% rCV","V16-A-% rCV","FSC-H-% rCV","FSC-A-% rCV","SSC-B-H-% rCV","SSC-B-A-% rCV","B1-A-% rCV","B2-A-% rCV","B3-A-% rCV","B4-A-% rCV","B5-A-% rCV","B6-A-% rCV","B7-A-% rCV","B8-A-% rCV","B9-A-% rCV","B10-A-% rCV","B11-A-% rCV","B12-A-% rCV","B13-A-% rCV","B14-A-% rCV","R1-A-% rCV","R2-A-% rCV","R3-A-% rCV","R4-A-% rCV","R5-A-% rCV","R6-A-% rCV","R7-A-% rCV","R8-A-% rCV","SSC-H","SSC-A","V1-A","V2-A","V3-A","V4-A","V5-A","V6-A","V7-A","V8-A","V9-A","V10-A","V11-A","V12-A","V13-A","V14-A","V15-A","V16-A","FSC-H","FSC-A","SSC-B-H","SSC-B-A","B1-A","B2-A","B3-A","B4-A","B5-A","B6-A","B7-A","B8-A","B9-A","B10-A","B11-A","B12-A","B13-A","B14-A","R1-A","R2-A","R3-A","R4-A","R5-A","R6-A","R7-A","R8-A"
"23 Before",75,1,2025-05-23 08:59:31.72,2025-05-23,"8H 59M 31.72S","Before_NA",21.75,"3L","Aurora","R0026","Admin",401,401,361,376,472,287,372,325,437,760,611,471,390,332,341,538,615,512,456,456,140,140,666,388,406,392,323,235,442,377,500,375,291,408,477,539,266,312,382,353,371,380,1032,409,-27.65,0,27.425,1.02,1.13,1.05,3.1,3.54,4.15,3.73,3.35,3.13,2.93,2.86,2.69,2.45,2.14,2.16,2.46,2.66,2.82,2.98,3.35,3.84,2.04,2.15,4.27,3.29,2.48,2.09,2.08,2.06,2.32,2.4,2.21,2.41,2.34,2.3,2.22,2.08,2.08,2.05,2.01,2.14,1.87,1.84,1.89,1.94,2.23,2.41,1954034,1940327.125,605909.40625,1292482.5,1402905.5625,1259207.9375,1081809,776645.6875,913854.46875,768940.5625,776893.4375,1181562.5625,523213.859375,457575.125,526003.71875,468130.0625,502368.40625,577537.15625,2053704.5,2021389,2047617.5,2000223.1875,145356.78125,179482.03125,544430.5,742502.09375,876029.65625,941434.96875,580889.65625,492217.296875,612220.4375,425653.984375,279261.515625,278796.828125,257145,558250.34375,439856.71875,1157335.625,2153769.125,2060776.9375,1748640.875,1535744.125,2371117.125,2266379.125
"22 After",75,1,2025-05-22 11:14:40.08,2025-05-22,"11H 14M 40.08S","After_NA",21.75,"3L","Aurora","R0026","Flow Core",406,406,359,375,464,286,368,320,433,753,631,493,370,327,343,536,632,635,458,458,140,140,658,384,404,390,330,241,432,370,497,373,292,413,492,681,199,267,365,350,360,375,1091,535,-27.675,0,27.4,1.02,1.12,1.04,3.61,3.62,3.18,2.73,2.33,2.21,2.03,2,1.93,1.87,1.58,1.63,3.38,2.8,2.09,2.36,2.66,12.15,2.07,2.16,3.68,2.62,2.25,1.88,1.87,1.84,2.03,2.03,2.42,3.18,2.37,2.14,2.02,1.82,2.13,11.28,7.75,6.75,3.24,2.08,2.29,2.24,2.58,13.66,1976494.5,1969623.9375,595620.25,1264510.9375,1359711.5625,1226632.9375,1055388.75,750886.09375,894316.125,758891.65625,762233.59375,1155349.375,510792.234375,445301.84375,515044.109375,460857.375,490887.078125,553663.96875,1975543.5,1987344.625,1956878.5,1951847.75,142595.625,176888.03125,534962.84375,730919.3125,856110.6875,914421.90625,563996.625,477199.609375,592741.21875,410863.234375,272930.265625,271181.625,250730.1015625,536656.90625,408900.515625,1065923,2002659.0625,1926279.625,1615647.8125,1421695.0625,1893692.8125,2047276.125
"20 post-PMI_Before",73,1,2025-05-20 14:50:02.63,2025-05-20,"14H 50M 2.63S","Before_NA",28,"3L","Aurora","R0026","Flow Core",393,393,353,366,456,276,359,312,418,736,610,482,361,322,331,516,608,625,447,447,139,139,652,380,396,385,324,238,425,362,484,368,284,403,484,650,198,266,358,342,351,366,1067,512,-27.675,0,27.425,1.03,1.14,1.03,3.92,3.74,3.11,2.55,2.22,2.11,1.85,1.83,1.7,1.64,1.37,1.42,1.65,1.8,1.91,2.13,2.43,3.09,1.98,2.1,3.15,2.34,2.09,1.65,1.64,1.46,1.79,1.81,1.63,1.89,1.81,1.8,1.9,1.71,1.86,1.92,1.61,1.9,1.68,1.8,1.97,2.17,2.39,2.74,1986600,1996707.0625,598617.9375,1275586.5,1364319.0625,1227000,1059848,755722.71875,894447.125,760445.59375,760566.53125,1163284.6875,479292.515625,434259.078125,499604.046875,443548.546875,490207.765625,699410,1996257,2012575.25,2006694,2006591.375,145660.8828125,178646.9921875,540022.15625,729714.21875,871989.125,925713.9375,557710.25,459493.265625,575188.3125,403311.34375,268165.625,268852.625,255710.2109375,649446.84375,343948.359375,948762.34375,1908685.125,1887095.25,1556347.5,1365904.6875,1935499.375,2575832.375
"19 After",73,1,2025-05-19 10:49:47.62,2025-05-19,"10H 49M 47.62S","After_NA",28,"3L","Aurora","R0026","Flow Core",388,388,347,363,451,274,354,310,413,724,605,474,361,322,330,516,603,608,454,454,139,139,653,382,399,388,328,239,425,364,495,371,288,407,486,651,202,270,360,347,353,368,997,506,-27.625,0,27.45,1.02,1.12,1.04,3.83,3.77,3.57,3.03,2.61,2.46,2.22,2.16,1.98,1.76,1.45,1.46,1.8,1.94,2.06,2.33,2.78,3.63,2.15,2,4.08,2.71,2.05,1.58,1.54,1.38,1.75,1.8,1.64,1.99,1.89,1.84,1.82,1.59,1.69,2,2.7,2.91,2.71,2.89,3.15,3.43,3.69,4.17,1998208.5,1997128.25,602597.21875,1276082.5,1386447.875,1237259.1875,1068592.125,763329.625,903480.84375,764662.03125,773437.375,1159807.0625,513195.421875,461476.4375,522610.5,465529.390625,501352.375,574339.25,2002937,2036279.6875,1990133.5,1990031.6875,145043.3515625,178237.328125,540689.875,739373.9375,876950.625,929754.4375,570995.375,483620.828125,611022.75,417861.515625,278224.890625,275654.84375,256112.0703125,553253.5625,421177.859375,1100863.8125,2049976.3125,2004876.4375,1655500.5625,1452974,1910853.1875,2139074.375
"02 Before",67,1,2025-05-02 09:52:33.17,2025-05-02,"9H 52M 33.17S","Before_NA",24,"3L","Aurora","R0026","Flow Core",380,380,343,358,450,274,353,310,412,721,598,463,377,329,333,525,594,495,451,451,135,135,651,383,404,390,325,237,434,376,495,375,290,408,476,536,254,310,388,362,375,385,997,411,-27.5,0,27.4,1.03,1.14,1.04,4.02,3.81,3.15,2.58,2.3,2.24,1.98,1.98,1.82,1.7,1.39,1.43,1.72,1.8,1.88,2.13,2.54,3.17,2.4,1.96,4.16,2.86,1.99,1.58,1.46,1.27,1.58,1.56,1.38,1.67,1.62,1.74,1.83,1.72,1.89,2.11,2.58,2.8,2.7,2.88,3.17,3.43,3.6,4.1,1944464.5,1965263.9375,597300.34375,1265719.3125,1366432,1237073.75,1067129.625,760781.9375,897613.03125,758034.34375,753182.71875,1118148.625,515400.71875,452266.453125,510501.953125,460068.296875,489659.03125,551381.4375,1961994,2003889.625,1956717,1982738.625,141754.796875,178793.40625,540517.90625,737044.8125,858841.4375,912629.78125,570721.75,483525.40625,594240.21875,415745.71875,273879.328125,272653.203125,251047.8515625,531159.28125,440899.3125,1074688.5,1996700.75,1928946.75,1594082.4375,1392968.25,1662529.9375,1996922.4375
"01 After",67,1,2025-05-01 09:50:13.43,2025-05-01,"9H 50M 13.43S","After_NA",24,"3L","Aurora","R0026","Flow Core",380,380,343,358,450,274,353,310,412,721,598,463,377,329,333,525,594,495,451,451,135,135,651,383,404,390,325,237,434,376,495,375,290,408,476,536,254,310,388,362,375,385,997,411,-27.5,0,27.4,1.03,1.14,1.04,4.09,3.8,3.15,2.67,2.45,2.35,2.16,2.1,1.98,1.81,1.48,1.5,1.78,1.89,1.99,2.23,2.6,3.16,2.45,1.95,4.11,3.08,2.1,1.62,1.53,1.36,1.74,1.8,1.59,1.95,1.84,1.86,1.85,1.66,1.73,1.78,2.84,3.03,2.89,3.1,3.33,3.55,3.8,4.04,1991726.5,1999029.875,608118.71875,1287914.5,1387339.375,1253062.25,1081052.375,770152.34375,907350.21875,767907.875,770143.0625,1149108.0625,518666,458487.453125,518489.5,465954.78125,496765.6875,572940.03125,1992554.5,2026577.6875,1975238,1995984.0625,143957.0546875,181014.921875,546861.78125,746461.28125,875308.40625,931764.78125,576058.5,488673.90625,601976.3125,421156.875,277415.03125,275900.375,254897.421875,549566.6875,429657.1875,1094262.3125,2061554.4375,1996673.375,1661687.6875,1459618.6875,1928426.625,2142952.875
"29 Before",65,1,2025-04-29 10:09:30.17,2025-04-29,"10H 9M 30.17S","Before_NA",22.25,"3L","Aurora","R0026","Flow Core",376,376,338,352,442,270,346,303,406,719,592,462,359,312,320,499,584,559,431,431,129,129,619,362,379,369,309,226,405,347,464,349,269,381,457,583,207,268,351,334,338,350,794,445,-27.4,0,27.325,1.03,1.18,0.99,4.86,4.27,2.53,1.98,1.91,1.91,1.74,1.76,1.7,1.8,1.5,1.54,1.74,1.74,1.78,1.95,2.2,2.96,2.59,2.01,4.81,3.68,2.31,1.79,1.81,1.7,2.05,2.1,1.9,2.17,2.04,2.08,2.01,1.85,1.9,1.87,2.75,3.04,2.92,3.12,3.41,3.65,3.91,4.17,1986307.5,1975791.75,585216.84375,1258579.8125,1353697.5625,1216873.8125,1049244.5,749542.4375,881032.40625,751163.21875,764570.125,1131865.1875,507745.109375,440699.1875,506639.34375,450782.0625,485043.84375,582065.78125,1957856.5,1995154.5,1963484.5,1988218.375,142285.953125,177406.2265625,537575,735428.5,867249.21875,919587.78125,564355.1875,476904.28125,586302.1875,407543.25,271374.984375,269241.96875,250941.7578125,561332.53125,391178.671875,1006348.90625,1876904.0625,1824683.3125,1514515.375,1326915.375,1624526.125,2024228.9375
"28 After",65,1,2025-04-28 11:57:43.29,2025-04-28,"11H 57M 43.29S","After_NA",22.25,"3L","Aurora","R0026","Flow Core",376,376,338,352,442,270,346,303,406,719,592,462,359,312,320,499,584,559,431,431,129,129,619,362,379,369,309,226,405,347,464,349,269,381,457,583,207,268,351,334,338,350,794,445,-27.4,0,27.325,1.03,1.18,0.99,3.78,3.91,3.53,3.07,2.86,2.74,2.56,2.51,2.38,2.17,2.01,1.98,2.11,2.27,2.38,2.55,2.93,3.56,2.39,2.23,4.83,4.03,2.6,2.28,2.32,2.27,2.56,2.65,2.51,2.72,2.61,2.59,2.51,2.29,2.29,2.23,2.2,2.54,2.27,2.43,2.61,2.77,3.05,3.44,1951376.5,1796063.625,596276.9375,1245114.8125,1364173.6875,1236985.3125,1043181.65625,744602.96875,895407.90625,759334.25,758475.84375,1137137.3125,513477.78125,455418.734375,516994.09375,459574.109375,493590.953125,573066.25,1955814,1963956.625,1945210,1853227.375,139552.7265625,173691.7109375,531567.34375,729596.71875,853191.15625,919344.1875,560059.125,470617.6875,589541.96875,407137.8125,289513.796875,291683.390625,270471.0625,586961.71875,407460.8125,1076673.625,1996751.3125,1914769.625,1703878,1434338.625,1970662.25,2188133.5
"23 Before",62,1,2025-04-23 10:22:47.54,2025-04-23,"10H 22M 47.54S","Before_NA",21.75,"3L","Aurora","R0026","Flow Core",387,387,345,362,450,275,352,311,412,727,599,473,377,326,334,523,596,505,443,443,131,131,643,378,395,383,320,232,425,363,483,365,281,396,466,528,236,301,379,353,363,374,904,410,-27.425,0,27.3,1.03,1.16,1.01,4.25,3.99,3.07,2.59,2.3,2.22,2.03,2,1.86,1.75,1.46,1.5,1.72,1.86,1.95,2.12,2.53,3.2,2.6,1.98,4.95,3.74,2.14,1.74,1.83,1.77,2.11,2.18,1.95,2.17,2.11,2.08,2,1.86,1.86,1.84,2.5,2.8,2.7,2.94,3.21,3.5,3.73,4.02,2026845.5,2025719.0625,606123.84375,1297845.4375,1390537.125,1257021.6875,1086210.75,782675.0625,917394.5625,771753.125,774621.59375,1178109.0625,547391.1875,474494.359375,537579.25,479311.421875,505041,508778.5,2008414.5,2023881.6875,1990929,1991260.8125,147572.7109375,181572.5,560609.28125,755697.84375,890303.5,939264.6875,595744.1875,503666.59375,616449,430138.671875,283339.359375,281815.828125,254453.7265625,487460.71875,481645.171875,1223728.25,2154515.875,2028496.0625,1709016.625,1497481.875,1956371.5625,1868338.9375
"22 After",62,1,2025-04-22 12:32:46.36,2025-04-22,"12H 32M 46.36S","After_NA",21.75,"3L","Aurora","R0026","Flow Core",387,387,345,362,450,275,352,311,412,727,599,473,377,326,334,523,596,505,443,443,131,131,643,378,395,383,320,232,425,363,483,365,281,396,466,528,236,301,379,353,363,374,904,410,-27.425,0,27.3,1.03,1.16,1.01,3.64,3.61,3.79,3.31,2.97,2.84,2.63,2.57,2.38,2.07,1.74,1.71,2.06,2.19,2.4,2.64,3.05,3.74,3.17,2.35,5.13,4.13,2.31,1.77,1.72,1.64,1.97,1.99,1.78,2.07,1.97,2.05,2.05,1.86,2.04,2.23,2.76,2.99,2.85,3.06,3.31,3.51,3.86,4.1,1987453.5,1851362.75,612249.53125,1273854.875,1386305.1875,1268485.3125,1073014.125,771990.5625,921918.9375,776186.6875,761204.96875,1180582.625,524095.84375,465443.140625,528523.3125,469532.984375,506898.296875,589533.125,1991555,2020451.3125,1995796.5,1915918.375,145633.25,178366.7421875,552152.84375,748986.34375,879669.8125,944912.84375,577367.5,480896.484375,607106.84375,423511.203125,296793.484375,301204.6875,278153.34375,598401.4375,415007.765625,1112475.1875,2070604.625,1969089.1875,1748223,1471140.0625,2024936.75,2259244.125
"22 Before",61,1,2025-04-22 12:28:56.45,2025-04-22,"12H 28M 56.45S","Before_NA",26.25,"3L","Aurora","R0026","Flow Core",372,372,342,358,446,272,348,306,407,722,588,456,376,326,329,520,592,491,443,443,132,132,638,377,394,386,317,232,425,369,490,368,283,399,469,526,252,307,380,355,368,377,947,405,-27.425,0,27.425,1.03,1.15,1.03,3.61,3.7,3.91,3.42,3.04,2.91,2.68,2.6,2.4,2.1,1.82,1.81,2.1,2.3,2.5,2.73,3.13,3.75,3.03,2.24,5.22,4.07,2.19,1.81,1.76,1.66,1.98,2,1.84,2.05,1.99,2.05,2.11,1.96,2.05,2.27,2.49,2.7,2.64,2.87,3.13,3.46,3.68,4.06,1932162.5,1935704.5,599941.1875,1270383.8125,1374215.875,1230626.375,1060126.1875,756439.59375,889599.3125,759960.15625,749924.875,1118768.4375,520130.171875,454465.234375,514702.765625,461252.140625,492745.578125,560220.15625,1990559.5,2013174.125,2010341,1998227.125,141911.84375,177220.5625,539252.5625,746163.8125,865463.46875,926689.21875,573113.6875,488029.390625,607366.5625,419088.25,278187.90625,276785.546875,255378.2890625,543986.1875,456014.078125,1139350.9375,2095352,2012775.0625,1702677.75,1489019.0625,2056001.1875,2151130.875
"21 After",61,1,2025-04-21 10:10:07.39,2025-04-21,"10H 10M 7.39S","After_NA",26.25,"3L","Aurora","R0026","Flow Core",372,372,342,358,446,272,348,306,407,722,588,456,376,326,329,520,592,491,443,443,132,132,638,377,394,386,317,232,425,369,490,368,283,399,469,526,252,307,380,355,368,377,947,405,-27.425,0,27.425,1.03,1.15,1.03,4.67,4.14,2.91,2.32,2.09,2.07,1.89,1.88,1.75,1.68,1.41,1.45,1.63,1.75,1.81,1.95,2.37,3.03,2.79,1.98,4.87,3.6,2.06,1.56,1.51,1.39,1.74,1.77,1.59,1.88,1.76,1.82,1.81,1.68,1.75,1.82,3.02,3.11,3.1,3.33,3.65,3.99,4.3,4.6,1997341,2000524.375,608080.28125,1285386.1875,1389435,1242895.5625,1070501.8125,764409.25,900661,773126.28125,770011.71875,1153629.1875,524226.34375,460685.609375,522127,465581.90625,499769.3125,575223.53125,1992138.5,2033008.625,1984748,1993416.3125,143016.1328125,178455.046875,541708.03125,750618.125,875750.65625,938848.84375,571926.625,488457.09375,608643.5625,420565.578125,278467.453125,277178.34375,256338.7265625,551580.4375,424606.3125,1099035.4375,2050404.5,1972727.0625,1660085.0625,1453865.8125,1929997.375,2144215.625
"18 Before",59,1,2025-04-18 09:55:20.19,2025-04-18,"9H 55M 20.19S","Before_NA",24.5,"3L","Aurora","R0026","Flow Core",368,368,337,351,443,270,346,306,405,720,575,451,371,320,325,512,584,483,436,436,131,131,634,374,389,378,311,227,421,364,475,361,278,393,464,521,255,306,380,353,363,373,904,402,-27.375,0,27.375,1.04,1.17,1.02,4.39,4.18,3.34,2.89,2.71,2.65,2.49,2.48,2.37,2.28,2.04,2.07,2.19,2.31,2.35,2.53,2.98,3.53,2.97,2.52,5.88,4.7,2.78,2.37,2.38,2.37,2.73,2.85,2.57,2.78,2.75,2.73,2.65,2.35,2.42,2.26,2.73,3.01,2.9,3.17,3.45,3.73,4.08,4.29,1944112.5,1954420.125,591609.75,1253805.875,1367564,1222485.4375,1052963.375,758956.1875,881647.21875,769184.84375,767666.0625,1166779.125,516290.53125,453580.65625,518606.875,460161.671875,493920,569635.75,1997924,1990289.5625,1997237.5,1979036.75,143014.859375,178608.71875,535171.21875,739958.59375,869679.03125,926495.875,570083.9375,488089.9375,599136.375,419786.453125,276126.375,275788.125,255214.8203125,551632.125,417416.765625,1109495.1875,2089292.5,2005583.625,1667751.5625,1474719.375,2058965.5,2174428.75
"17 After",59,1,2025-04-17 09:28:14.7,2025-04-17,"9H 28M 14.7S","After_NA",24.5,"3L","Aurora","R0026","Flow Core",368,368,337,351,443,270,346,306,405,720,575,451,371,320,325,512,584,483,436,436,131,131,634,374,389,378,311,227,421,364,475,361,278,393,464,521,255,306,380,353,363,373,904,402,-27.375,0,27.375,1.04,1.17,1.02,5.1,4.52,2.76,2.3,2.22,2.2,1.98,1.99,1.89,1.98,1.83,1.83,1.88,1.99,1.99,2.19,2.48,3,2.7,2.27,4.91,3.77,2.39,2.02,2.05,2.02,2.32,2.36,2.21,2.41,2.37,2.4,2.3,2.16,2.2,2.05,2.97,3.24,3.16,3.4,3.61,3.85,4.18,4.26,1983338,1848093.25,606082.40625,1247610.125,1385215.4375,1255265.375,1059279.9375,762706.9375,908992.28125,788104.375,755156.5,1154756.625,520550.4375,457644.703125,519155.4375,463460.9375,497940.1875,576794.28125,1970947.5,1984827.625,1962346.5,1878026.6875,143024.6328125,177946.1328125,535908.0625,738385.28125,849318.5,915659.71875,563328.90625,473999.453125,588841.8125,411357,289147.3125,292715.453125,272244.546875,586226.5625,419763.9375,1093477.1875,2028783,1935708.5625,1712900.3125,1441351.3125,1955393.6875,2224809.875
"09 Before",57,1,2025-04-09 10:15:30.89,2025-04-09,"10H 15M 30.89S","Before_NA",24,"3L","Aurora","R0026","Flow Core",374,374,340,353,440,268,345,303,404,715,592,466,362,316,323,507,588,551,438,438,131,131,626,370,385,376,315,229,412,356,474,357,275,389,465,579,208,273,356,339,344,355,875,446,-27.425,0,27.4,1.03,1.16,1.03,4.85,4.18,2.94,2.34,2.21,2.16,2.01,1.99,1.91,1.91,1.65,1.69,1.82,1.9,1.92,2.09,2.46,3.1,2.61,2.08,5.11,4.11,2.36,1.99,2.08,2.01,2.36,2.45,2.19,2.48,2.35,2.3,2.19,2.02,2.07,1.95,2.43,2.73,2.63,2.88,3.15,3.31,3.63,3.82,2013586,2006275.625,603103.5625,1278281,1380870.9375,1238815.75,1068492.6875,762691.59375,898439.1875,765564.84375,780705.53125,1171784.5,527370.0625,459600.21875,524238.9375,468244.96875,498052.6875,564923.6875,2029149,2029349.6875,2024095.5,1992252.6875,143101.7890625,179841.6484375,540356.625,743327.0625,872884.875,926320.5,579327.78125,490356.953125,607504.15625,419204.5625,277524.828125,275755.53125,254736.8515625,541131.1875,431754.453125,1127962,2071809.25,2008053.5625,1669108.5,1462657.4375,1930647.6875,2118637.625
"08 After",57,1,2025-04-08 10:11:47.83,2025-04-08,"10H 11M 47.83S","After_NA",24,"3L","Aurora","R0026","Flow Core",374,374,340,353,440,268,345,303,404,715,592,466,362,316,323,507,588,551,438,438,131,131,626,370,385,376,315,229,412,356,474,357,275,389,465,579,208,273,356,339,344,355,875,446,-27.425,0,27.4,1.03,1.16,1.03,4.08,3.76,3.16,2.66,2.38,2.31,2.1,2.06,1.87,1.77,1.44,1.5,1.7,1.85,1.97,2.19,2.62,3.27,2.37,1.83,4.89,3.64,2.13,1.67,1.74,1.65,1.99,2.09,1.86,2.1,1.98,1.91,1.85,1.68,1.73,1.88,2.88,3.04,2.9,3.13,3.39,3.65,3.88,4.12,1986317.5,1990408.4375,604620.34375,1279252.6875,1382687.6875,1239170.75,1068019,763558.03125,898670.40625,761039.28125,780523.96875,1177437.625,522603.265625,455563.421875,521659.265625,465790.03125,496987.078125,571401.15625,1991146.5,2031563.6875,1988894,1995821.25,143571.4609375,180316.6640625,540407.3125,741564.90625,876286.6875,929359.5,578134.34375,487909.65625,605198.34375,418399.71875,277998.921875,275826.046875,255666.6015625,550421.9375,415595.234375,1099326.3125,2037026.3125,1980383.5625,1648678.9375,1444983.3125,1904682.8125,2142330.75
"08 Before",56,1,2025-04-08 10:05:07.37,2025-04-08,"10H 5M 7.37S","Before_NA",23.5,"3L","Aurora","R0026","Flow Core",378,378,341,358,444,271,349,308,408,728,604,470,371,325,331,521,598,519,445,445,131,131,633,374,393,378,321,232,420,365,489,364,280,396,471,549,222,291,372,348,356,367,910,420,-27.4,0,27.4,1.03,1.15,1.03,4.04,3.85,3.27,2.79,2.51,2.37,2.16,2.11,1.96,1.83,1.54,1.54,1.8,1.92,2.03,2.28,2.68,3.35,2.45,1.98,4.75,3.72,2.3,1.93,1.85,1.79,2.11,2.17,1.93,2.23,2.14,2.14,2.06,1.87,1.95,2.09,2.54,2.81,2.65,2.85,3.12,3.31,3.57,3.93,2008949.5,2008939.9375,603948.15625,1293475,1382470.8125,1251491.375,1079925.5,778779.3125,909330.5,774333.0625,789416.46875,1170497.375,536483.3125,466236.875,532903.59375,478652.75,506990.421875,544352.8125,2026720.5,2025606.375,1996907.5,1979856.375,144433.21875,180651.4140625,549099.78125,743504.875,885887.75,936166.65625,581729.5,496468.953125,619866.59375,425705.40625,280373.734375,278999.828125,256145.9453125,522619.390625,451453,1184884.375,2133116.5,2047162.125,1712629.1875,1503979.25,1976974.6875,2030338.1875
"07 After",56,1,2025-04-07 10:35:47.51,2025-04-07,"10H 35M 47.51S","After_NA",23.5,"3L","Aurora","R0026","Flow Core",378,378,341,358,444,271,349,308,408,728,604,470,371,325,331,521,598,519,445,445,131,131,633,374,393,378,321,232,420,365,489,364,280,396,471,549,222,291,372,348,356,367,910,420,-27.4,0,27.4,1.03,1.15,1.03,3.77,3.81,3.16,2.7,2.46,2.31,2.15,2.14,1.99,1.87,1.62,1.69,1.85,2,2.1,2.27,2.66,3.13,2.34,2.13,4.47,3.6,2.36,1.98,1.92,1.89,2.16,2.17,2.03,2.3,2.21,2.2,2.11,2,2.04,2.08,2.53,2.82,2.7,2.92,3.2,3.39,3.65,3.91,1973189,1974008.3125,595910.5625,1273002.5,1359723.375,1230771.875,1062366.3125,766053.78125,892953.34375,761356.96875,775054.90625,1149972.3125,516020.6875,449399.171875,517456.4375,464365.34375,497866.28125,569999,1972976,1991394.25,1961752,1965724.375,142470.1640625,177907.3515625,539009.46875,732440.6875,870427.21875,922671.40625,566678.96875,480668.453125,601791.96875,416614.546875,274492.59375,273539.359375,253185.625,545759.53125,410902.75,1088036.9375,2006709.75,1950793.6875,1628286,1427020.4375,1861223.875,2098776.75
"04 Before",54,1,2025-04-04 10:00:14.82,2025-04-04,"10H 0M 14.82S","Before_NA",23.75,"3L","Aurora","R0026","Flow Core",385,385,350,362,454,277,354,313,414,741,608,476,367,321,330,515,601,580,439,439,127,127,632,368,387,373,315,229,410,348,471,354,274,387,466,596,211,274,366,349,354,365,880,478,-27.4,0,27.325,1.03,1.17,1.01,3.63,3.54,3.4,2.93,2.66,2.53,2.29,2.28,2.12,2.03,1.77,1.77,2.33,2.3,2.15,2.32,2.58,6.14,3.74,2.69,4.41,3.36,2.37,2.05,2.05,1.98,2.15,2.07,2.07,2.4,2.02,2,2.1,2.02,2.3,5.39,3.56,3.7,2.97,2.94,3.18,3.51,3.63,7.17,1975452,1977928.25,608183.1875,1274646.3125,1382018.3125,1245627.4375,1065936.125,769406.8125,899816.46875,777853.59375,774973.9375,1162680.8125,522182.984375,452111.8125,516908,457605.71875,492117.265625,546949.6875,1967306,2031747.6875,1967043,2000341.25,143038.0234375,177322.3046875,547164.625,745185.3125,877161,933876.71875,576818.5,481994.640625,597842.375,412419.84375,275994.4375,273984.6875,251837.6640625,528018.3125,417511.84375,1075401.375,2011609.625,1936984.9375,1611748.625,1415430.875,1813553.1875,2008799
"03 After",54,1,2025-04-03 10:12:50.6,2025-04-03,"10H 12M 50.6S","After_NA",23.75,"3L","Aurora","R0026","Flow Core",385,385,350,362,454,277,354,313,414,741,608,476,367,321,330,515,601,580,439,439,127,127,632,368,387,373,315,229,410,348,471,354,274,387,466,596,211,274,366,349,354,365,880,478,-27.4,0,27.325,1.03,1.17,1.01,4.31,4.21,3.42,2.97,2.74,2.66,2.53,2.51,2.43,2.33,2.2,2.25,2.35,2.41,2.43,2.6,2.9,3.4,3.69,3.11,5.1,4.19,2.76,2.41,2.45,2.37,2.58,2.6,2.51,2.66,2.6,2.64,2.68,2.65,2.68,2.87,3.07,3.37,3.2,3.41,3.67,3.84,4.05,4.17,1976997.5,1965715.3125,600793.9375,1257770.75,1364863.3125,1227198.4375,1053377.125,759818.03125,887697.3125,764792,766495.8125,1151685.125,518072.09375,451000.75,517959.296875,458250.75,492985.859375,553077.6875,1971494,1998976.0625,1963896.5,1957843.375,141319.4765625,175426.171875,538732.78125,733616.3125,864981.90625,921371.21875,569036.375,478209.640625,594993.59375,411188.578125,274790.78125,272814.671875,251527.8671875,531684.9375,420544.015625,1087090.0625,2024661.75,1954271.9375,1627359.0625,1432756.5625,1869568.8125,2054272.9375
"03 Before",53,1,2025-04-03 10:07:39.02,2025-04-03,"10H 7M 39.02S","Before_NA",24,"3L","Aurora","R0026","Flow Core",374,374,341,353,442,269,345,305,403,721,593,465,356,313,322,502,589,587,432,432,126,126,617,359,378,365,309,225,400,340,462,348,269,381,461,607,201,264,356,341,344,356,869,485,-27.35,0,27.35,1.04,1.18,1.01,3.95,3.66,3.32,2.73,2.47,2.39,2.18,2.14,1.95,1.87,1.6,1.61,1.87,1.96,2.04,2.26,2.67,3.51,3.55,2.54,5.13,3.98,2.17,1.73,1.71,1.59,1.93,1.92,1.69,1.91,1.89,2.02,2.04,1.93,2.1,2.55,2.56,2.83,2.63,2.91,3.12,3.41,3.69,4.14,1931490.5,1948375.1875,591368.375,1252383.0625,1355042.25,1213623.5625,1047831.5,756814.3125,879862.375,762854.21875,762783.15625,1148897.4375,506299.796875,446674.640625,512758.71875,456506.9375,492629.265625,581104.96875,1958431,1987753,1969230,1983860,141681.6640625,174544.0234375,536266.28125,729354.1875,870785.96875,918463.34375,564978.8125,475149.578125,596605.125,413848.109375,275363.875,273300.421875,254640.2578125,562284.40625,406474.875,1067452.8125,2009509.3125,1939374.3125,1619371.5,1425388.3125,1920863.3125,2167295.875
"02 After",53,1,2025-04-02 10:10:00.36,2025-04-02,"10H 10M 0.36S","After_NA",24,"3L","Aurora","R0026","Flow Core",374,374,341,353,442,269,345,305,403,721,593,465,356,313,322,502,589,587,432,432,126,126,617,359,378,365,309,225,400,340,462,348,269,381,461,607,201,264,356,341,344,356,869,485,-27.35,0,27.35,1.04,1.18,1.01,4.59,4.16,3.04,2.57,2.36,2.32,2.13,2.13,2.06,2.11,1.85,1.84,2.26,2.09,2.09,2.3,2.78,6.06,3.14,2.43,5.41,4.35,2.34,1.9,1.82,1.73,2.07,2.12,1.83,2.01,2.12,2.43,2.49,2.44,3.05,6.25,3.04,3.27,3.04,3.28,3.52,3.73,4.08,7.03,1983980.5,1996444.6875,602336.5625,1275439.1875,1379128.5,1238468.8125,1069341.75,772774.125,901973.21875,786807,785911.9375,1182367.25,528127.21875,459254.75,519006.765625,462153.8125,489076.984375,508275,1973748.5,2002948.8125,1963358,1977420.4375,144367.8828125,177976.28125,548857.40625,747364.5625,889619.53125,938317.25,579511.1875,487589.734375,604089.8125,414355.34375,274916.75,271878.703125,248676.40625,493013,426812.09375,1116700.9375,2034144.8125,1926590.375,1616353.75,1422831.3125,1843482.8125,1850534.125
"02 Before",52,1,2025-04-02 10:03:53.29,2025-04-02,"10H 3M 53.29S","Before_NA",23.25,"3L","Aurora","R0026","Flow Core",373,373,341,355,445,270,347,306,406,716,599,469,355,317,327,516,605,639,448,448,132,132,640,373,391,380,319,233,416,355,484,365,283,400,483,671,202,264,365,351,360,371,1024,551,-27.425,0,27.4,1.03,1.14,1.04,4.51,4.01,3.46,2.85,2.59,2.47,2.25,2.18,2.06,1.95,1.69,1.7,1.97,1.99,2.18,2.51,3.08,5.19,3.03,2.31,5.79,4.5,2.29,1.9,1.94,1.95,2.3,2.34,2.12,2.38,2.15,2.12,2.1,1.98,2.19,3.65,2.3,2.57,2.69,3.14,3.38,3.62,4.29,6.49,1986391,1979954.75,600515.21875,1271729.6875,1393027.5,1236059.6875,1065510.5625,769705.375,899466.625,768621.875,778854.28125,1169288.1875,525640.78125,461961.59375,525639.53125,470421.15625,502590.984375,562797.40625,2061278.5,2015778.1875,2063344.5,2000813.8125,144422.7421875,178528.0234375,551297.6875,748949.71875,877932.53125,940340.625,584806.125,495954.71875,614690.03125,424578.5,280699.546875,279838.015625,255189.359375,545578.25,453330.0625,1163610.1875,2177715.375,2100675.75,1757980.625,1547148.625,2233471.125,2226523.125
"01 After",52,1,2025-04-01 10:51:49.88,2025-04-01,"10H 51M 49.88S","After_NA",23.25,"3L","Aurora","R0026","Flow Core",373,373,341,355,445,270,347,306,406,716,599,469,355,317,327,516,605,639,448,448,132,132,640,373,391,380,319,233,416,355,484,365,283,400,483,671,202,264,365,351,360,371,1024,551,-27.425,0,27.4,1.03,1.14,1.04,4.49,4.1,2.93,2.38,2.18,2.22,2.12,2.16,2.23,2.72,2.29,1.95,2.24,1.73,2.72,3.05,4.14,8.89,3.05,2.37,4.63,3.59,2.59,2.33,2.69,2.73,2.71,2.46,2.31,2.4,1.94,2.77,3.01,3.21,4.37,7.97,3.51,3.43,3.47,4.47,4.64,4.87,5.96,10.12,1983647,1845607.25,606065.03125,1250094.5,1392682.6875,1256291.375,1066754.625,771424.96875,927585.8125,808465.59375,795147.125,1199480.8125,548301.9375,468828.890625,500963.625,444670.96875,461786.09375,415711.203125,1985158,1998341.75,1993064.5,1902649.125,145402.40625,180637.0625,566890.40625,780754.875,899773.8125,969546.75,596416.59375,500002.84375,603947.96875,402701.515625,281422.359375,282881.375,249469.046875,446859.40625,454459.546875,1169911.5,2027485.125,1847920.0625,1643827.875,1368302.375,1787068.6875,1578197.9375
"01 Before",51,1,2025-04-01 10:48:28.18,2025-04-01,"10H 48M 28.18S","Before_NA",24.5,"3L","Aurora","R0026","Flow Core",388,388,350,365,455,277,355,310,418,738,606,473,366,322,331,520,605,586,445,445,129,129,649,381,395,383,322,234,420,358,485,361,279,395,475,609,210,275,364,349,354,366,909,480,-27.35,0,27.25,1.03,1.15,1.02,4.68,4.18,2.74,2.2,2.07,2.07,1.92,1.97,1.91,2.2,1.75,1.58,1.89,1.66,2.22,2.46,3.06,6.11,3.06,2.1,4.73,3.42,2.01,1.53,1.54,1.45,1.65,1.52,1.37,1.63,1.96,2.75,2.99,3.06,3.88,6.23,3.22,3.35,3.25,3.88,4.04,4.28,4.87,7.45,2070190,2077283.125,618039.875,1297040.1875,1409429.375,1277341.125,1100092.125,787662.96875,950333.65625,832344.40625,818273.65625,1217408.0625,570790.46875,472332.53125,499663.046875,442389.578125,453836.65625,371011.9375,1982339,2037632.625,1960999,1988530.3125,151300.328125,189672.1953125,586633.25,802125.625,935298.9375,991583.3125,618785.59375,516661.34375,611069.71875,402431.390625,264919.265625,260469.6640625,228459,373801.03125,473674.609375,1202558.5625,1977191.75,1788380,1487710.4375,1303145.125,1501809.75,1271033.75
"31 After",51,1,2025-03-31 10:22:33.25,2025-03-31,"10H 22M 33.25S","After_NA",24.5,"3L","Aurora","R0026","Flow Core",388,388,350,365,455,277,355,310,418,738,606,473,366,322,331,520,605,586,445,445,129,129,649,381,395,383,322,234,420,358,485,361,279,395,475,609,210,275,364,349,354,366,909,480,-27.35,0,27.25,1.03,1.15,1.02,3.75,3.62,3.76,3.2,2.84,2.69,2.46,2.39,2.18,2.04,1.8,1.82,2.03,2.2,2.34,2.63,3.06,3.67,4.3,3.17,4.32,3.35,2.62,2.22,2.18,2.08,2.28,2.26,2.19,2.43,2.4,2.49,2.66,2.61,2.84,3.09,3,3.25,3.12,3.33,3.62,3.86,4.07,4.36,1993419.5,1995147.9375,607564.59375,1270626.125,1378933.625,1239836.3125,1063429.125,758628.59375,906717.53125,774339.84375,772681.21875,1162316.4375,520858.625,458174.4375,520919.1875,463306.609375,500656.875,574581.875,1977612,2014941.375,1979231.5,1987558.625,144153.5234375,179102.4765625,544305.59375,739673.28125,872090.125,933318.6875,575942.75,481648.421875,605070.4375,416765.921875,277217.625,275882.375,255571.65625,551091.09375,415977.84375,1095564.625,2036149.875,1966425.375,1634726.5,1436479.9375,1881236.375,2118058.625
"28 Before",49,1,2025-03-28 09:48:03.43,2025-03-28,"9H 48M 3.43S","Before_NA",23.75,"3L","Aurora","R0026","Flow Core",369,369,339,352,441,268,345,303,408,716,588,468,367,319,326,509,589,511,429,429,126,126,620,363,381,367,307,225,406,350,465,351,271,383,457,533,220,286,367,347,351,361,852,419,-27.3,0,27.3,1.04,1.19,1.01,4.6,4.03,2.6,2.08,1.99,2,1.87,1.86,1.78,1.8,1.54,1.59,1.75,1.75,1.79,1.94,2.26,2.91,3.1,2.28,5.07,4.01,2.17,1.73,1.76,1.68,2,2.06,1.87,2.12,2.04,2.06,2.06,1.92,2,2.06,2.34,2.59,2.52,2.74,3,3.21,3.49,3.85,1979826,1989116.8125,605246.65625,1281157.1875,1381026.5625,1237210.1875,1065119.3125,760072.5,903882,757857.0625,764351.625,1168610.9375,518008.3125,451456.03125,519780.34375,462244.8125,500568.046875,585137.4375,1979068.5,2006635.0625,1992602.5,2009779,143790.3203125,178675.6953125,549372.625,739228.15625,871220.3125,928662.125,571481.96875,485578.140625,601913.8125,418899,276553.140625,275335.34375,255885.6328125,561825.65625,408394.84375,1075563.125,1998383.5,1958814.875,1622496.75,1426268.9375,1876374.5625,2158869.625
"27 After",49,1,2025-03-27 10:03:31.34,2025-03-27,"10H 3M 31.34S","After_NA",23.75,"3L","Aurora","R0026","Flow Core",369,369,339,352,441,268,345,303,408,716,588,468,367,319,326,509,589,511,429,429,126,126,620,363,381,367,307,225,406,350,465,351,271,383,457,533,220,286,367,347,351,361,852,419,-27.3,0,27.3,1.04,1.19,1.01,4.65,4.06,2.73,2.14,2.07,2.09,1.9,1.89,1.8,1.76,1.48,1.5,1.67,1.75,1.74,1.98,2.3,2.94,3.01,2.08,5.28,4.16,2.09,1.67,1.72,1.68,1.99,2.05,1.88,2.1,2,2.01,1.98,1.77,1.87,1.8,2.31,2.62,2.48,2.66,2.92,3.21,3.53,3.85,1990643,2006864.5,611015.03125,1293473.5,1395431.25,1249822.3125,1076549.875,768248.15625,914300.625,768618.84375,774163.1875,1180149.8125,526621.875,459463.890625,527335.0625,469319.21875,505856.078125,577493.09375,1993567,2021390.125,1997583.5,2013497.375,144891.4140625,180562.3359375,554842.78125,746465.09375,880060.8125,938098.375,578813.71875,493535.8125,610622.875,424934.015625,280778.1875,279385.96875,258878.484375,556702.1875,421850.9375,1107921.25,2050422.375,2011036,1665446.5,1462761.125,1931574.875,2148721.625
"27 Before",48,1,2025-03-27 10:00:24.62,2025-03-27,"10H 0M 24.62S","Before_NA",24.5,"3L","Aurora","R0026","Flow Core",376,376,341,354,445,270,348,307,409,727,594,460,372,327,328,517,593,495,427,427,124,124,618,362,380,365,304,223,405,353,464,349,271,382,453,508,239,295,371,350,354,363,820,396,-27.3,0,27.3,1.04,1.19,1,4.51,4.03,2.77,2.22,2.15,2.14,1.96,1.95,1.86,1.86,1.57,1.62,1.77,1.84,1.9,2.12,2.38,3.12,2.9,2.21,5.1,4.1,2.3,1.86,1.89,1.83,2.15,2.2,1.95,2.24,2.21,2.17,2.11,1.92,1.97,1.96,2.32,2.64,2.49,2.64,2.9,3.08,3.38,3.71,2010779,2019605.875,608102.8125,1288804.9375,1408606.5,1245824.5,1085955.0625,774594.78125,910697.25,780128.40625,783331.53125,1157259.75,532733.40625,469140.703125,528209.90625,473968.875,507126.984375,556487.03125,1981166,2020718.375,1969356.5,1980284,144427.671875,179758.265625,545743.5,743174.46875,865012.1875,923255.5,576645.875,491478.40625,596139.375,415578.109375,278232.703125,275556.78125,255098.890625,526475,453573.6875,1135189.9375,2053985.5625,1985613.5625,1654115.1875,1452118.25,1854653.5,2021911.1875
"26 After",48,1,2025-03-26 09:31:25.93,2025-03-26,"9H 31M 25.93S","After_NA",24.5,"3L","Aurora","R0026","Flow Core",376,376,341,354,445,270,348,307,409,727,594,460,372,327,328,517,593,495,427,427,124,124,618,362,380,365,304,223,405,353,464,349,271,382,453,508,239,295,371,350,354,363,820,396,-27.3,0,27.3,1.04,1.19,1,4.17,4.19,3.61,3.19,2.99,2.9,2.77,2.69,2.61,2.44,2.33,2.36,2.46,2.54,2.59,2.79,3.03,3.55,3.33,2.9,5.41,4.55,2.76,2.52,2.54,2.48,2.77,2.8,2.61,2.77,2.78,2.74,2.77,2.64,2.63,2.6,2.45,2.71,2.64,2.84,3.01,3.22,3.42,3.63,1974903.5,1839795.875,610948.21875,1259205,1398535.25,1251728.5,1067048.75,760524.40625,916147.46875,780953.46875,771254.15625,1157930.5,519573.21875,467465.609375,523049.875,467718.046875,505861.15625,584835.71875,1965238.5,1993307.5625,1960767.5,1869890.1875,141688.25,175631.84375,536502.0625,735074.53125,851082.25,924726.21875,561452.09375,472410.3125,587511.625,408024.984375,290876.953125,293844.453125,273974.40625,588737.65625,414579.6875,1092273.25,2022225.125,1946112.625,1718253.875,1447768.375,1972462.4375,2221462
"26 Before",47,1,2025-03-26 09:27:27.16,2025-03-26,"9H 27M 27.16S","Before_NA",24,"3L","Aurora","R0026","Flow Core",374,374,340,353,443,270,347,307,407,723,587,454,372,324,326,514,589,489,431,431,125,125,625,365,383,368,306,223,409,355,467,352,272,384,455,508,245,297,368,347,352,360,809,391,-27.275,0,27.325,1.04,1.18,1,4.12,3.93,3.41,2.84,2.61,2.53,2.31,2.27,2.12,1.97,1.67,1.7,1.93,2.13,2.16,2.39,2.77,3.41,3.4,2.33,5.58,4.46,2.22,1.85,1.82,1.78,2.12,2.2,1.94,2.2,2.07,2.1,2.03,1.89,1.91,1.9,2.05,2.33,2.19,2.37,2.61,2.83,3.14,3.45,1988244.5,2003476,605186.34375,1282928.5,1383515.0625,1239428.5,1066034.375,769870.8125,905510.34375,775326.84375,772642,1150053.4375,522670.078125,457454.90625,521439.28125,465214.921875,501326.453125,572605.375,2016761.5,2012249.5625,2010119.5,1994597.5625,145265.5,179689.4296875,546928.78125,747248.875,875459.0625,927645.4375,576751.46875,489726.375,601920.875,418726.15625,277484.15625,275627.203125,255186.2421875,549608.09375,433807.0625,1106435.25,2055522.25,1996157.3125,1652308.8125,1449280,1923258.4375,2120700.5
"25 After",47,1,2025-03-25 09:32:35.37,2025-03-25,"9H 32M 35.37S","After_NA",24,"3L","Aurora","R0026","Flow Core",374,374,340,353,443,270,347,307,407,723,587,454,372,324,326,514,589,489,431,431,125,125,625,365,383,368,306,223,409,355,467,352,272,384,455,508,245,297,368,347,352,360,809,391,-27.275,0,27.325,1.04,1.18,1,4.24,3.91,3.25,2.71,2.51,2.41,2.16,2.17,1.97,1.87,1.61,1.66,1.8,1.96,2.04,2.27,2.66,3.25,3.08,2.1,5.4,4.19,2.13,1.67,1.7,1.62,1.95,1.99,1.77,1.99,1.9,1.9,1.86,1.69,1.79,1.82,2.29,2.49,2.32,2.52,2.8,3.06,3.33,3.7,1994708,2013249.4375,609177.59375,1290444.6875,1391887.5625,1245165.4375,1071017.8125,773622.3125,910766.59375,780737.96875,781639.1875,1165027.625,523832.1875,460851.03125,524291.375,467598.171875,505091.859375,578825.9375,1995507.5,2018265.3125,1986020,1991035.625,145484.6015625,180171.9765625,547978.21875,747760.5625,879379.375,932413.8125,575693.25,491168.25,603837.75,420709.96875,278886.1875,277047.40625,256558.6328125,554979.9375,420300.0625,1089218.375,2041477.3125,1987495.75,1641282.875,1440225.5625,1888359.875,2121812.75
"21 Before",45,1,2025-03-21 09:47:56.32,2025-03-21,"9H 47M 56.32S","Before_NA",23.25,"3L","Aurora","R0026","Flow Core",374,374,339,356,443,271,348,307,405,718,594,468,355,314,326,512,602,638,442,442,130,130,629,370,386,376,316,229,407,349,476,362,278,394,479,661,200,263,362,350,356,368,986,544,-27.325,0,27.325,1.03,1.16,1.03,4.94,4.2,3.33,2.67,2.47,2.38,2.24,2.2,2.07,1.99,1.79,1.81,1.96,2.04,2.11,2.32,2.68,3.43,3.28,2.24,6.38,4.78,2.28,1.88,1.94,1.85,2.19,2.23,2.06,2.23,2.2,2.25,2.21,2.08,2.13,2.2,2.85,3.14,3.01,3.32,3.67,4.02,4.38,4.69,2001642,1996516.625,601736.71875,1276519.0625,1376835.75,1246299.1875,1073504.4375,765465.1875,888823.15625,759148.8125,779537.5,1174963.1875,491942.8125,436552.625,516072.328125,457815.296875,508773.453125,748904.25,2015137.5,2027357.3125,2012509,2009298.75,142377.1796875,178497.6328125,541980.5625,739105.78125,873586.53125,931061.03125,559788.875,464704.46875,594327.3125,418393,276125.75,276262.0625,263989.671875,696888.5625,354620.328125,980487.40625,1979924.625,1981082.4375,1645770.75,1451110.8125,2102684.5,2881486.25
"20 After",45,1,2025-03-20 10:30:03.37,2025-03-20,"10H 30M 3.37S","After_NA",23.25,"3L","Aurora","R0026","Flow Core",374,374,339,356,443,271,348,307,405,718,594,468,355,314,326,512,602,638,442,442,130,130,629,370,386,376,316,229,407,349,476,362,278,394,479,661,200,263,362,350,356,368,986,544,-27.325,0,27.325,1.03,1.16,1.03,5.48,4.61,2.84,2.33,2.21,2.17,2.03,2.02,1.93,2.02,1.75,1.83,1.99,2.05,2.02,2.21,2.49,3.48,3.54,2.51,6.04,4.64,2.37,1.97,2.06,1.98,2.29,2.32,2.14,2.42,2.39,2.46,2.48,2.38,2.48,2.95,2.99,3.34,3.29,3.59,3.9,4.22,4.73,5.37,2000656.5,1995547.75,598059.9375,1266798.4375,1367205.375,1238473,1069685.5625,764016.90625,888531.59375,761404.25,778472.59375,1164702.375,515552.1875,449884.84375,518356.140625,461501.875,497204.40625,573402.90625,1983389.5,2010462,1986146,1998158,142684.8984375,179033.4140625,544959.84375,743223.75,872503.25,926102.875,574905.75,482497.578125,603678.125,419557.75,276489.546875,275751.515625,255190.9765625,548588.03125,412726.890625,1087340.25,2023295.9375,1958043.9375,1638200,1437076.9375,1932517.875,2128413.75
"20 Before",44,1,2025-03-20 10:20:54.92,2025-03-20,"10H 20M 54.92S","Before_NA",24,"3L","Aurora","R0026","Flow Core",373,373,341,354,443,269,349,304,408,716,592,468,365,321,326,513,586,529,437,437,128,128,627,366,383,374,313,227,409,355,475,356,274,387,461,557,215,282,364,345,352,362,883,433,-27.3,0,27.275,1.03,1.17,1.02,5.15,4.39,2.83,2.23,2.13,2.1,1.98,1.98,1.86,1.87,1.64,1.66,1.88,1.92,1.95,2.12,2.45,3.25,3.35,2.15,5.92,4.47,2.05,1.67,1.67,1.57,1.9,1.95,1.75,2.03,1.93,1.98,2.06,1.9,2.05,2.48,2.86,3.08,2.97,3.27,3.59,3.92,4.36,5.18,2003640,2004410.5625,597944.40625,1268341.4375,1369365.3125,1229956.8125,1072304.375,758364.375,903200.21875,763901.28125,777950.875,1163401.625,532239.84375,462986.4375,520095.140625,466071.703125,484866.125,475384.96875,1976329,2016824.0625,1971743.5,1996073.6875,144566.90625,179441.7109375,546916.3125,753828.28125,883453.375,928052.3125,583879.4375,502220.171875,612930.6875,419935.09375,276507.25,274525.859375,248079.140625,471350.046875,453527.296875,1165428.5,2053005.8125,1934408.875,1617562.5625,1412771.5625,1747471.75,1715361.875
"19 After",44,1,2025-03-19 10:22:53.14,2025-03-19,"10H 22M 53.14S","After_NA",24,"3L","Aurora","R0026","Flow Core",373,373,341,354,443,269,349,304,408,716,592,468,365,321,326,513,586,529,437,437,128,128,627,366,383,374,313,227,409,355,475,356,274,387,461,557,215,282,364,345,352,362,883,433,-27.3,0,27.275,1.03,1.17,1.02,4.71,4.43,3.23,2.86,2.67,2.63,2.46,2.43,2.34,2.31,2.15,2.16,2.25,2.27,2.29,2.46,2.76,3.47,3.07,2.5,5.39,4.27,2.48,2.15,2.19,2.16,2.42,2.49,2.32,2.48,2.48,2.44,2.44,2.32,2.34,2.36,2.8,3.04,2.98,3.2,3.43,3.64,3.95,4.24,1981920.5,1966658.8125,591276.1875,1254225.1875,1352763.4375,1211589.375,1056062.9375,745285.78125,887892.6875,747172.125,761841.84375,1146096.8125,506819.8125,446976.4375,513120.328125,459708.046875,487555.65625,564070.84375,1963722,1978271.8125,1958475.5,1958715.625,141861.8515625,175766.765625,533423.34375,733894.34375,862692.6875,909156.625,562141.25,480277.328125,595474.90625,413326.515625,272671.484375,271020.6875,250387.8515625,544833.875,409574.6875,1077765.1875,1999877.9375,1926519.5625,1617071.75,1418830.6875,1886747.625,2102512.625
"14 Before",41,1,2025-03-14 10:07:20.3,2025-03-14,"10H 7M 20.3S","Before_NA",24,"3L","Aurora","R0026","Flow Core",368,368,339,352,443,272,350,307,410,715,594,460,372,326,330,518,593,504,435,435,127,127,632,370,389,375,315,227,417,360,481,358,278,392,465,533,239,301,379,356,365,374,924,421,-27.3,0,27.3,1.04,1.17,1.02,5.31,4.58,2.65,2.07,2.02,2.04,1.88,1.9,1.78,1.78,1.51,1.54,1.73,1.76,1.79,1.89,2.27,3.07,3.52,2.33,5.2,3.98,2.09,1.59,1.59,1.44,1.8,1.79,1.6,1.9,1.83,1.86,1.91,1.81,1.98,2.02,2.76,3.03,2.93,3.1,3.41,3.68,4.02,4.29,1991535.5,2012172.75,610028.40625,1288564.6875,1387866.875,1255239,1082308.1875,772617.84375,908142.53125,762618.375,779535.96875,1147873.0625,523729.046875,459445.140625,523958.21875,466165.234375,500172.046875,565315.90625,1964846,2015280.125,1967166.5,1985174.375,143685.296875,179988.6015625,544202.25,739117.125,866837.84375,914078.03125,570462.625,483764.421875,602303.75,412154.65625,276195.234375,274027.796875,253815.6015625,536926.5625,434187.3125,1107747.25,2025201.5,1971613.125,1637005.5,1431882.4375,1841335.8125,2074734.5
"13 After",41,1,2025-03-13 10:14:49.39,2025-03-13,"10H 14M 49.39S","After_NA",24,"3L","Aurora","R0026","Flow Core",368,368,339,352,443,272,350,307,410,715,594,460,372,326,330,518,593,504,435,435,127,127,632,370,389,375,315,227,417,360,481,358,278,392,465,533,239,301,379,356,365,374,924,421,-27.3,0,27.3,1.04,1.17,1.02,5.23,4.46,2.53,1.99,1.95,1.99,1.81,1.83,1.72,1.78,1.49,1.56,1.93,1.93,1.77,1.93,2.17,3.79,3.44,2.39,4.98,3.96,2.08,1.56,1.55,1.41,1.81,1.76,1.55,1.82,1.7,1.77,1.82,1.7,1.99,3.89,2.95,3.06,2.91,3.12,3.37,3.64,3.92,5.61,1995519.5,1867055,619454.875,1272269.3125,1397321.25,1277284.1875,1080469.8125,769549.875,928084.625,781734.90625,782382.84375,1173070.5625,532062.71875,476422.421875,533424.25,473204.109375,506989.296875,549555.3125,1987633.5,2022252.1875,1990649,1903793.25,143614.1328125,179207.359375,546892.625,748719.625,871715.4375,933615.8125,574867.90625,485097.546875,614223.09375,416144.859375,296063.40625,299513.546875,275585.046875,559324.59375,428837.578125,1142271.75,2085786.25,1996762.8125,1766469.375,1480050.4375,2021217.375,2111176.375
"11 Before",39,1,2025-03-11 10:17:16.29,2025-03-11,"10H 17M 16.29S","Before_NA",24,"3L","Aurora","R0026","Flow Core",365,365,336,349,440,267,345,305,408,708,584,459,363,319,323,510,585,520,433,433,126,126,628,368,386,369,310,225,407,352,473,352,274,388,462,548,225,287,368,346,354,362,868,428,-27.25,0,27.275,1.04,1.18,1.02,5.77,4.9,2.28,1.8,1.86,1.92,1.78,1.82,1.78,1.86,1.63,1.69,1.84,1.79,1.78,1.89,2.04,2.98,3.77,2.5,5.3,4.13,2.07,1.63,1.62,1.51,1.84,1.88,1.75,1.99,1.91,1.96,2,1.92,1.97,2.2,2.97,3.21,3.16,3.35,3.63,3.94,4.23,4.66,1994255,2008052.6875,605079.03125,1278770.25,1393159.125,1236268.5,1074480.8125,776105.6875,914123.1875,769900.25,770763.75,1155677.4375,521652.921875,457377.921875,520319.578125,467178.1875,494960.765625,559828.96875,1964751,2009948.125,1958912,1990095,145369.875,180066.1171875,552216.5,740033.9375,868956.65625,916381.1875,576349.8125,483186.8125,607460.4375,415795.140625,278358.046875,275970.40625,255093.5703125,540768.84375,431744.3125,1094712.4375,2024110.1875,1932083.625,1622866.5625,1418003,1802694.375,2037767.5
"10 After",39,1,2025-03-10 10:18:30.1,2025-03-10,"10H 18M 30.1S","After_NA",24,"3L","Aurora","R0026","Flow Core",365,365,336,349,440,267,345,305,408,708,584,459,363,319,323,510,585,520,433,433,126,126,628,368,386,369,310,225,407,352,473,352,274,388,462,548,225,287,368,346,354,362,868,428,-27.25,0,27.275,1.04,1.18,1.02,5.09,4.69,2.94,2.62,2.55,2.53,2.39,2.37,2.38,2.54,2.32,2.24,2.82,2.26,2.24,2.42,3.02,8.65,3.66,3.01,5.45,4.52,2.53,2.24,2.36,2.35,2.62,2.57,2.51,2.7,2.41,2.65,2.75,2.67,3.4,8.06,3.65,3.33,3.03,3.72,3.96,4.16,5.16,11.09,1955858.5,1960857.8125,594442.28125,1260384.75,1375689.625,1220559.4375,1062917.5,768098.1875,906548,775051.9375,780091.5625,1174454.0625,538212.78125,466362.21875,511628.84375,457062.953125,471545.359375,433503.734375,1964583.5,1983101.1875,1957677,1963996.875,144632.484375,179849.96875,557347.3125,754657.3125,887545.6875,937570.28125,588632.21875,499701.375,612827.4375,410045.109375,272578.84375,269758.5,241723.0625,432579.703125,451929.234375,1171252,2051396.5,1891038.5625,1593682.8125,1397534.9375,1761593.75,1564582.9375
"07 Before",37,1,2025-03-07 11:40:01.88,2025-03-07,"11H 40M 1.88S","Before_NA",25.25,"3L","Aurora","R0026","Flow Core",366,366,337,353,439,267,346,302,402,709,587,461,351,313,321,506,589,601,446,446,130,130,638,375,392,380,320,232,412,354,479,364,278,395,479,643,199,263,359,342,351,362,969,511,-27.35,0,27.35,1.03,1.15,1.04,5.68,4.84,2.3,1.9,1.91,1.93,1.86,1.87,1.84,2.11,1.9,1.9,2.16,1.92,1.68,1.8,2,4.32,3.36,2.48,5.22,4.16,2.27,1.94,2.04,1.98,2.25,2.24,2.08,2.35,2.01,2.04,2.07,1.95,2.2,3.62,3.28,3.5,3.31,3.55,3.83,4.04,4.42,6,1985549,1977327.1875,594525.6875,1276755.5625,1377132.5,1224498.375,1067119,762069.5,888523.9375,772465.375,771061.9375,1157499.0625,527681.625,462962.78125,519001.671875,463739.171875,485547.15625,494388.046875,2019366.5,2016590.5,2005708,1990580.125,145688.2578125,182326.1484375,556762.25,759156.6875,895686.9375,947041.90625,592679.53125,504220.3125,610870.6875,427369.53125,277758.265625,275930.78125,252262.65625,489754.0625,452319.046875,1171970.375,2111348.125,1990542.4375,1659536.75,1453777.3125,1872482,1818829.625
"06 After",37,1,2025-03-06 10:27:30.71,2025-03-06,"10H 27M 30.71S","After_NA",25.25,"3L","Aurora","R0026","Flow Core",366,366,337,353,439,267,346,302,402,709,587,461,351,313,321,506,589,601,446,446,130,130,638,375,392,380,320,232,412,354,479,364,278,395,479,643,199,263,359,342,351,362,969,511,-27.35,0,27.35,1.03,1.15,1.04,5.44,4.66,2.63,2.21,2.18,2.15,2.01,2.03,1.93,2.01,1.84,1.94,2.01,2.04,2.03,2.12,2.39,3.27,3.8,2.85,5.03,3.81,2.47,2.08,2.1,2,2.23,2.24,2.1,2.37,2.24,2.37,2.39,2.34,2.52,2.71,3.2,3.44,3.43,3.57,3.81,4.08,4.41,4.57,1974941.5,1971540.9375,597110.78125,1277647.8125,1378657.125,1223475.1875,1064068.8125,760191.875,882298.71875,765546.59375,767200.3125,1156160.0625,511340.65625,453223.09375,519122.671875,463900.609375,495154.03125,570553.375,1974030.5,2005538,1970509,1986999.8125,144060.234375,179736.6640625,544524.1875,742835.71875,880247.65625,933322.59375,576060.21875,486689.921875,597337.875,423794.109375,276577.421875,275203.375,256276.0390625,550679,412296.6875,1088161.6875,2043620.625,1968138.8125,1640405.125,1439905.125,1892503.8125,2101445.75
"06 Before",36,1,2025-03-06 10:16:06,2025-03-06,"10H 16M 6S","Before_NA",23.75,"3L","Aurora","R0026","Flow Core",371,371,341,358,446,271,351,306,408,720,593,466,358,318,325,513,594,588,439,439,127,127,632,372,388,376,316,229,408,350,472,358,275,390,471,617,206,270,365,347,354,365,933,497,-27.325,0,27.25,1.04,1.17,1.02,5.28,4.51,2.37,1.82,1.83,1.83,1.67,1.71,1.63,1.74,1.49,1.57,1.65,1.67,1.63,1.79,2.03,3.03,3.51,2.46,4.8,3.64,2.17,1.68,1.69,1.51,1.79,1.82,1.65,1.89,1.87,2.01,2.08,2.02,2.15,2.37,3,3.27,3.2,3.44,3.7,3.96,4.21,4.47,2006426,2028177,611059.5,1308589.25,1416358.1875,1264942.1875,1091155.6875,778779.28125,917075,790421.90625,788040.78125,1182891.6875,533474.6875,465784.75,531795.5,477587.53125,506087.203125,566913.75,1966163,2025541.125,1953846.5,2004660.5,145224.0078125,181957.9296875,553104.71875,753076,882770.90625,937770.40625,584621.8125,494534.984375,615362.34375,424189.984375,280819.46875,279769.53125,257455.2421875,542666.125,431485.328125,1109697.25,2059485.125,1981463.875,1638858.1875,1439395.4375,1808667.0625,2039220.25
"05 After",36,1,2025-03-05 10:24:28.68,2025-03-05,"10H 24M 28.68S","After_NA",23.75,"3L","Aurora","R0026","Flow Core",371,371,341,358,446,271,351,306,408,720,593,466,358,318,325,513,594,588,439,439,127,127,632,372,388,376,316,229,408,350,472,358,275,390,471,617,206,270,365,347,354,365,933,497,-27.325,0,27.25,1.04,1.17,1.02,5.23,4.41,2.31,1.83,1.77,1.81,1.66,1.63,1.61,1.65,1.46,1.58,1.62,1.65,1.6,1.75,1.98,2.82,3.76,2.55,4.78,3.76,2.03,1.57,1.52,1.31,1.63,1.6,1.48,1.78,1.64,1.76,1.85,1.71,1.9,2.03,2.71,2.9,2.72,2.91,3.2,3.43,3.81,3.95,1979878.5,1996788.25,603347.84375,1293270.875,1391983.1875,1245471.5625,1074995.3125,767896,904197.375,778941.25,781665.46875,1172734.5625,520923.328125,457388.8125,523375.484375,469827.640625,500016.796875,576146.34375,1984564.5,2011821,1972379.5,1988296.625,144162.640625,180495.5,548301.96875,745398.96875,878356.375,933643.375,577453.65625,489195.046875,611448.375,421564.796875,278798.640625,277967.4375,256892.09375,554526.15625,415300.78125,1089861.4375,2047783.6875,1976997.125,1642595.875,1446138.25,1918750.4375,2126178.375
"05 Before",35,1,2025-03-05 10:15:18.58,2025-03-05,"10H 15M 18.58S","Before_NA",24,"3L","Aurora","R0026","Flow Core",362,362,337,350,438,268,345,304,406,716,589,461,360,318,323,508,588,534,432,432,126,126,620,363,383,372,311,226,406,352,469,356,274,388,462,563,213,279,365,344,353,362,885,443,-27.225,0,27.3,1.04,1.18,1.02,5.18,4.49,2.27,1.77,1.78,1.79,1.69,1.69,1.63,1.78,1.48,1.56,1.67,1.72,1.65,1.78,2.03,2.85,3.92,2.76,4.7,3.69,2.16,1.71,1.67,1.54,1.84,1.83,1.66,1.94,1.86,1.99,2.04,1.92,2.09,2.23,2.76,3,2.94,3.15,3.4,3.65,3.95,4.15,1955158.5,1973043.9375,595179.1875,1260794,1353834.25,1231114.9375,1060214,757801.125,889864.21875,763138.125,766360.15625,1152001.3125,521744.8125,458081.140625,521614.34375,463663.21875,493974.703125,523170.4375,1961589,1997143.375,1970298.5,1996872.3125,142468.8359375,177111.296875,545342.59375,750853.21875,873840.21875,929995.59375,574522.125,493487.65625,606126.21875,424375.203125,279286.765625,276884.09375,252627.0234375,510953.953125,436164.6875,1132468.6875,2053833.9375,1952742.6875,1642600.6875,1431454.5625,1837603.0625,1904767.375
"04 After",35,1,2025-03-04 10:22:47.39,2025-03-04,"10H 22M 47.39S","After_NA",24,"3L","Aurora","R0026","Flow Core",362,362,337,350,438,268,345,304,406,716,589,461,360,318,323,508,588,534,432,432,126,126,620,363,383,372,311,226,406,352,469,356,274,388,462,563,213,279,365,344,353,362,885,443,-27.225,0,27.3,1.04,1.18,1.02,5.54,4.77,2.67,2.32,2.29,2.3,2.21,2.23,2.16,2.19,2.09,2.18,2.2,2.16,2.12,2.24,2.41,3.17,3.74,2.96,5.38,4.38,2.58,2.25,2.29,2.2,2.47,2.47,2.28,2.54,2.45,2.49,2.53,2.38,2.5,2.52,2.92,3.23,3.12,3.35,3.57,3.78,4.05,4.28,1975569.5,1983928.75,599441,1269226.25,1364172.0625,1235478.75,1065330.6875,760108.40625,892221.75,761894.6875,767103.53125,1152873.3125,510749.921875,449467.0625,517392.328125,460029.796875,495069.671875,568170.21875,1962224.5,1982699.5625,1955379,1965150.4375,141933.671875,176303.765625,540085.25,742066.71875,864735.625,919522.59375,563341.25,479836.953125,591266.6875,417863.3125,275184.703125,272735.46875,252019.3125,544927.65625,409143.546875,1077887.6875,2008614.375,1935371,1629155.25,1425111.3125,1889752.5625,2095553.0625
"04 Before",34,1,2025-03-04 10:11:34.81,2025-03-04,"10H 11M 34.81S","Before_NA",23.75,"3L","Aurora","R0026","Flow Core",357,357,336,350,439,268,346,303,404,715,583,460,371,320,326,515,585,486,436,436,128,128,624,371,389,373,315,228,415,360,483,362,280,394,465,526,239,301,380,352,361,371,906,407,-27.3,0,27.3,1.04,1.17,1.03,5.9,4.9,2.45,2,2.01,2.06,1.91,1.94,1.86,1.96,1.69,1.76,1.92,1.89,1.87,1.95,2.2,3.01,4.09,2.94,5.8,4.71,2.36,1.84,1.79,1.67,2.04,2.07,1.86,2.14,2.02,2.12,2.13,1.97,2.12,2.24,2.9,3.23,3.16,3.39,3.7,4.02,4.35,4.55,1971744,1981396.375,605633.03125,1281763.5625,1396579.9375,1250432.75,1077998.375,768900.84375,902917.375,770189.5625,771097,1157643.1875,537725.0625,459840.046875,527031.4375,471504.4375,496957.859375,525747.5,2012654.5,2015672.625,2023717,2013297.1875,144923.6328125,181499.6484375,550145.0625,746976.21875,878369.96875,932158.96875,583929.90625,496110.359375,615189.1875,426285.1875,283218.71875,280436.546875,256695.2578125,513191.5625,477355.40625,1208382.4375,2161543.5,2056480.5625,1713751.75,1508149,1996902,2006053.6875
"03 After",34,1,2025-03-03 10:28:43.71,2025-03-03,"10H 28M 43.71S","After_NA",23.75,"3L","Aurora","R0026","Flow Core",357,357,336,350,439,268,346,303,404,715,583,460,371,320,326,515,585,486,436,436,128,128,624,371,389,373,315,228,415,360,483,362,280,394,465,526,239,301,380,352,361,371,906,407,-27.3,0,27.3,1.04,1.17,1.03,6.15,5.22,2.47,2.24,2.3,2.35,2.25,2.25,2.24,2.46,2.41,2.49,2.45,2.44,2.31,2.37,2.47,3.33,3.63,2.91,5.51,4.39,2.66,2.37,2.47,2.49,2.74,2.83,2.68,2.82,2.8,2.85,2.75,2.64,2.72,2.81,3.08,3.33,3.29,3.43,3.66,3.98,4.24,4.58,1975553.5,1983960.6875,603895.59375,1276028.75,1388300.625,1241824.4375,1069049.625,762308.96875,895358.71875,762954.0625,773879.46875,1165385.875,519734.0625,449555.34375,518763.609375,463032.4375,493172.453125,564805.3125,1965082.5,1986251.875,1960719.5,1967029,142819.015625,178407.921875,540897.46875,733472.59375,864690.96875,919968.15625,564700.96875,477592.78125,597365.4375,414985.203125,275881.078125,273238.734375,253030.8046875,540029.53125,414524.953125,1091717.5625,2030424.875,1955629.3125,1621859.1875,1429835.5,1885629.1875,2102077.75
"25 Before",31,1,2025-02-25 10:38:34.4,2025-02-25,"10H 38M 34.4S","Before_NA",24.25,"3L","Aurora","R0026","Flow Core",355,355,336,349,441,269,344,303,405,723,587,463,371,327,328,519,588,491,436,436,128,128,626,370,390,377,316,231,416,363,482,361,281,395,467,528,236,301,382,353,362,371,896,405,-27.325,0,27.275,1.04,1.17,1.03,5,4.31,2.27,1.92,1.88,1.86,1.72,1.73,1.68,1.79,1.51,1.63,1.8,1.78,1.76,1.92,2.07,2.79,3.12,2.28,4.63,3.74,2.21,1.78,1.72,1.64,1.92,1.92,1.82,2.03,1.96,2.03,2.07,1.92,2,2.03,2.66,2.77,2.66,2.83,3.08,3.3,3.54,3.85,1911478,1912525.1875,590320.46875,1249276.5,1354674,1210827.625,1041519.5,742688.28125,871512.53125,764156.28125,773185,1175312.875,507719.734375,456666.125,515886.46875,457696.53125,490734.046875,586465.625,1956529,1964822.125,1965024,1957221.5,141000.28125,175799.6328125,531830.53125,737476.625,873276.15625,941137.625,558383.5625,481961.15625,600935.03125,416062.171875,274992.109375,273499.15625,255436.1484375,563822.53125,373005.171875,1059481.625,2031405.75,1960839.875,1623988.8125,1435228.25,1955232.875,2199983.5
"24 After",31,1,2025-02-24 10:30:55.43,2025-02-24,"10H 30M 55.43S","After_NA",24.25,"3L","Aurora","R0026","Flow Core",355,355,336,349,441,269,344,303,405,723,587,463,371,327,328,519,588,491,436,436,128,128,626,370,390,377,316,231,416,363,482,361,281,395,467,528,236,301,382,353,362,371,896,405,-27.325,0,27.275,1.04,1.17,1.03,6.12,5.14,2.63,2.36,2.45,2.5,2.42,2.46,2.43,2.57,2.46,2.6,2.63,2.58,2.44,2.49,2.55,3.34,3.7,3,5.17,4.25,2.69,2.36,2.42,2.43,2.61,2.64,2.52,2.7,2.7,2.78,2.78,2.75,2.81,3.13,3.56,3.82,3.73,3.94,4.16,4.39,4.55,4.85,1958733.5,1816229.1875,611098.53125,1260453.0625,1392846,1260970.625,1062702.8125,757416.15625,911291.84375,789662.59375,763984.84375,1161991.25,520704.390625,465377.296875,523003.65625,467695.8125,499798.46875,578798.78125,1974749.5,1991405.3125,1975644.5,1889291.4375,142349.5078125,177502.8203125,539112.25,746633.65625,856879.0625,931801.5,563540.78125,476994.46875,599988.125,413911.8125,293140.71875,295511.90625,275431.15625,590324.0625,411913.96875,1102327.25,2042477.5625,1954241.5,1734360.5625,1453044.875,2014358.9375,2240357.875
"21 Before",29,1,2025-02-21 09:28:02.39,2025-02-21,"9H 28M 2.39S","Before_NA",19,"3L","Aurora","R0026","Flow Core",355,355,337,351,437,268,347,303,404,711,583,459,365,324,325,511,588,501,432,432,126,126,615,364,381,369,311,227,411,357,477,355,275,387,461,530,231,295,375,350,357,367,878,410,-27.3,0,27.225,1.04,1.18,1.02,5.7,4.68,2.23,1.84,1.87,1.88,1.79,1.82,1.77,1.98,1.66,1.76,1.89,1.87,1.81,1.97,2.07,2.82,3.45,2.53,5.19,4.24,2.16,1.73,1.75,1.75,2.06,2.07,1.87,2.12,2.05,2.06,2.01,1.94,1.98,2.03,2.53,2.74,2.62,2.83,3.12,3.4,3.66,3.9,1948052,1956223.625,601420.28125,1274102,1367357.625,1238766.4375,1066537.3125,761006.125,891680.125,764315.40625,777787.5,1177529.9375,502739.125,452287.078125,514274.359375,456176.65625,494917.65625,605212.625,2001528,2008160.125,1999882,1995054.375,143096.4765625,177405.7265625,543130.125,738515.53125,879322.5625,937504.4375,566780.15625,480162.46875,601124.625,418229.65625,275388.28125,272938.15625,256016.5234375,578226.75,387518,1058565.0625,2023593.25,1955518.875,1627655.5625,1439651,1939391.75,2244771.875
"20 After",29,1,2025-02-20 14:31:31.96,2025-02-20,"14H 31M 31.96S","After_NA",19,"3L","Aurora","R0026","Flow Core",355,355,337,351,437,268,347,303,404,711,583,459,365,324,325,511,588,501,432,432,126,126,615,364,381,369,311,227,411,357,477,355,275,387,461,530,231,295,375,350,357,367,878,410,-27.3,0,27.225,1.04,1.18,1.02,6.37,5.33,2,1.67,1.75,1.8,1.72,1.74,1.74,1.95,1.71,1.8,1.96,1.89,1.72,1.8,1.92,2.69,3.35,2.24,5.34,4.2,2.09,1.6,1.61,1.53,1.86,1.89,1.7,1.94,1.87,1.91,1.91,1.74,1.86,2.02,2.93,3.07,2.98,3.17,3.41,3.74,4.03,4.33,1972807.5,1985097,606090.03125,1280032,1375402.875,1247379.875,1073799.8125,766512.1875,900031.3125,769038.46875,775801.78125,1170675.375,513477.171875,457875.359375,521057.03125,463768.34375,499560.046875,576149.34375,1985251,2013401.1875,1974877.5,1988943.6875,144095.4140625,178515.7265625,546431.4375,741248.09375,875229.78125,933401.4375,573050.5,485111.453125,605034.03125,421358.46875,278299.984375,275429.140625,256711.75,552898.0625,418693.78125,1096686.3125,2043128,1966352.4375,1642764.4375,1447658.375,1883627.125,2118804
"20 Before",28,1,2025-02-20 14:24:29.06,2025-02-20,"14H 24M 29.06S","Before_NA",28.5,"3L","Aurora","R0026","Flow Core",364,364,339,351,441,269,348,306,409,722,578,453,376,327,328,520,592,475,426,426,124,124,617,358,377,366,302,221,407,352,465,352,273,386,454,498,255,307,377,354,361,369,836,390,-27.325,0,27.25,1.04,1.19,1,6.17,5.18,1.99,1.6,1.69,1.74,1.67,1.71,1.66,1.91,1.65,1.75,1.92,1.87,1.71,1.78,1.86,2.5,3.44,2.4,5.04,3.97,2.09,1.67,1.63,1.56,1.86,1.87,1.68,1.92,1.86,1.96,1.92,1.81,1.88,2.05,2.67,2.97,2.85,3.06,3.32,3.58,3.9,4.14,2021016.5,2026588.25,612396.03125,1280374.375,1395977.6875,1247866.75,1085558.6875,774120.375,910451.1875,781130.71875,761385.1875,1150371.8125,534404.65625,464576.359375,526880.375,471824.015625,504539.703125,551707.53125,1964273,2019079.625,1963415.5,1989104.75,145395.2109375,178145.8984375,545627.6875,740657.8125,856356.15625,917479.96875,580849.25,485301.328125,603497.3125,420967.984375,279365.59375,277235.96875,255556.3984375,526056.46875,457033.5,1128321.0625,2030698.1875,1973632.25,1648417.5,1440518.375,1825922.375,2013761.8125
"19 After",28,1,2025-02-19 10:00:12.14,2025-02-19,"10H 0M 12.14S","After_NA",28.5,"3L","Aurora","R0026","Flow Core",364,364,339,351,441,269,348,306,409,722,578,453,376,327,328,520,592,475,426,426,124,124,617,358,377,366,302,221,407,352,465,352,273,386,454,498,255,307,377,354,361,369,836,390,-27.325,0,27.25,1.04,1.19,1,5.48,4.82,2.61,2.31,2.31,2.28,2.21,2.22,2.17,2.23,2.09,2.17,2.19,2.2,2.1,2.25,2.44,3,3.22,2.67,5.28,4.2,2.66,2.33,2.23,2.13,2.43,2.46,2.27,2.47,2.38,2.43,2.36,2.16,2.24,2.26,2.73,3,2.88,3.05,3.24,3.57,3.85,4.12,1966699.5,1955594.1875,596006.375,1248337.375,1357516.3125,1211919.875,1054672.625,752920.84375,884957.0625,758249.21875,740857.96875,1117621.8125,510377,444738.875,505411.203125,452079.109375,486388.734375,555426.90625,1931471,1956034.3125,1926225.5,1920924.1875,141133.6328125,173146.21875,528471.375,717001.6875,831725.46875,888463.25,557991.21875,465391.890625,577664.34375,403705.828125,268199.484375,265856.828125,246626.1796875,525685.59375,424036.59375,1064715.3125,1944988.125,1905322.1875,1590887.25,1393713.5625,1820044.75,2045907.5625
"19 Before",27,1,2025-02-19 09:46:01.77,2025-02-19,"9H 46M 1.77S","Before_NA",23.75,"3L","Aurora","R0026","Flow Core",368,368,336,351,442,269,346,303,406,715,576,451,372,320,325,516,587,471,424,424,123,123,612,360,376,364,301,218,406,351,466,349,271,382,450,494,260,307,373,346,354,363,788,386,-27.375,0,27.3,1.04,1.2,0.99,5.23,4.49,2.31,1.87,1.87,1.91,1.77,1.79,1.75,1.84,1.61,1.69,1.85,1.86,1.81,1.97,2.11,2.81,3.31,2.4,5.18,4.22,2.22,1.83,1.79,1.74,2.05,2.04,1.82,2.07,1.97,2.04,2.03,1.87,1.95,2.05,2.49,2.57,2.42,2.66,2.87,3.13,3.38,3.71,2006019.5,2012537.0625,601512.46875,1274078,1388319.125,1239389.875,1064314.9375,760548.125,891655.09375,763639.46875,768058.3125,1164549.1875,516136.0625,448658.25,516583.84375,460136.984375,496229.75,569978.96875,1984991,2002322.5,1980045.5,1989372.4375,143126.203125,180518.1484375,546302.9375,744914.0625,872890.15625,917906.53125,571528.375,485298.1875,605418.78125,415816.296875,276437.953125,273904.421875,253784.6953125,548667.65625,425781.734375,1086096.875,2015505.0625,1914053.5625,1608480.3125,1417249.125,1801207,2095029
"18 After",27,1,2025-02-18 10:03:14.18,2025-02-18,"10H 3M 14.18S","After_NA",23.75,"3L","Aurora","R0026","Flow Core",368,368,336,351,442,269,346,303,406,715,576,451,372,320,325,516,587,471,424,424,123,123,612,360,376,364,301,218,406,351,466,349,271,382,450,494,260,307,373,346,354,363,788,386,-27.375,0,27.3,1.04,1.2,0.99,5.17,4.53,2.81,2.48,2.39,2.36,2.28,2.27,2.25,2.32,2.17,2.29,2.3,2.32,2.32,2.44,2.57,3.25,3.56,2.95,5.54,4.67,2.83,2.58,2.59,2.54,2.86,2.88,2.62,2.83,2.81,2.77,2.77,2.64,2.61,2.74,2.82,3.07,2.99,3.12,3.32,3.54,3.79,4.09,1997551.5,2002130.125,599396.3125,1270527,1385037.8125,1236794.5,1063542.3125,760026.40625,889839.9375,761866,767696.53125,1168428.125,516161.125,449442.296875,517344.125,460835.21875,496885.15625,569278.53125,1973281.5,1993436.9375,1970735,1978791.6875,142317.140625,179415.1640625,543731.6875,740885.96875,866322.59375,915625.34375,569774.53125,484049.453125,603771.1875,414714.265625,275764.5,273485.375,253182.1328125,546240.5625,424258.265625,1091067.25,2025792.4375,1925075.3125,1624280,1432390.9375,1883930.5625,2110911.875
"18 Before",26,1,2025-02-18 09:57:07.14,2025-02-18,"9H 57M 7.14S","Before_NA",21.5,"3L","Aurora","R0026","Flow Core",368,368,340,351,439,269,346,306,408,711,575,447,372,321,324,517,587,474,434,434,126,126,629,368,384,371,306,222,413,359,471,353,274,388,457,503,263,307,372,349,357,365,840,386,-27.275,0,27.375,1.04,1.18,1.02,5.22,4.46,2.37,1.86,1.88,1.92,1.76,1.8,1.78,1.89,1.65,1.7,1.89,1.86,1.87,1.97,2.17,2.95,3.44,2.47,5.31,4.33,2.22,1.8,1.83,1.77,2.07,2.11,1.86,2.15,2.05,2.06,2.09,1.93,1.99,2.18,2.39,2.58,2.41,2.59,2.84,3.11,3.41,3.86,2005370,2013913.4375,608194.40625,1276486.3125,1392010.5625,1243134.9375,1069150.375,772294.125,905630.9375,770050.5,783988.25,1181566.4375,522110.046875,458697.5625,525968.53125,470020.015625,503317.890625,579869.84375,2045530,2027227,2040787,2013009.125,145685.2109375,179825.046875,545577.1875,746499.9375,889540.78125,939090.8125,583470.40625,497023.671875,606939.28125,421497.953125,279157.40625,278552.6875,257839.34375,556468.90625,431696.734375,1135770.9375,2103313.875,2049806.9375,1708871.125,1513062.4375,2132187,2202710.75
"17 After",26,1,2025-02-17 12:31:01.71,2025-02-17,"12H 31M 1.71S","After_NA",21.5,"3L","Aurora","R0026","Flow Core",368,368,340,351,439,269,346,306,408,711,575,447,372,321,324,517,587,474,434,434,126,126,629,368,384,371,306,222,413,359,471,353,274,388,457,503,263,307,372,349,357,365,840,386,-27.275,0,27.375,1.04,1.18,1.02,4.95,4.34,2.51,2.06,2.05,2.01,1.85,1.9,1.84,1.97,1.78,1.86,2,2.04,2.01,2.12,2.34,2.97,2.97,2.54,4.97,4.22,2.56,2.15,2.22,2.19,2.51,2.55,2.3,2.55,2.52,2.47,2.41,2.28,2.33,2.37,2.99,3.19,3.05,3.17,3.38,3.54,3.75,3.98,1995383,2008326.0625,606343.21875,1272594.3125,1386912.8125,1238185.25,1064896.8125,767948.5,903464.53125,763106.53125,765453.84375,1148036.625,514511.203125,447605.78125,515368.71875,462737.484375,495317.75,570482.0625,1973894,2006294.4375,1955138,1976412.875,144738.1796875,179282.9140625,541440.125,737508.6875,869733.09375,913997.21875,573624,485034.921875,591017.15625,412440.15625,274713.859375,273242.65625,253310.34375,546039.78125,427636.359375,1085413.5625,1990910.3125,1950319.875,1621479.1875,1427357.25,1876153.0625,2100806.375
"14 Before",24,1,2025-02-14 09:49:24.93,2025-02-14,"9H 49M 24.93S","Before_NA",24.25,"3L","Aurora","R0026","Flow Core",377,377,344,357,447,275,354,311,416,737,603,469,379,335,337,532,606,497,436,436,127,127,623,370,388,373,315,227,416,363,480,360,279,396,466,519,240,303,378,349,360,369,859,395,-27.325,0,27.25,1.04,1.17,1.02,5.1,4.39,2.45,1.98,1.97,1.97,1.84,1.85,1.8,1.91,1.72,1.78,1.88,1.88,1.88,2.03,2.22,3.01,2.96,2.32,5.01,4.05,2.35,1.94,1.93,1.87,2.16,2.23,2,2.24,2.19,2.16,2.2,2.02,2.08,2.24,2.76,3.03,2.95,3.14,3.38,3.62,3.89,4.17,2051441.5,2056043.25,612854.21875,1300747.625,1406599.9375,1266587.5,1092905.25,787515,918210.40625,789233.46875,788717.625,1168661.5,528127.15625,469651.078125,533512.15625,478141.828125,510858.046875,566778.71875,1998280,2018781,1985045.5,1975809.25,144072.25,180399.484375,545514.96875,740127.0625,871354.4375,918393.75,574113.625,490049.171875,603188.6875,418303.875,277122.390625,276741.890625,254243.9140625,533235.25,441551.359375,1128182.4375,2080813.5,1972597,1664661.3125,1457467.8125,1893506.3125,2062628.875
"13 After",24,1,2025-02-13 09:34:26.63,2025-02-13,"9H 34M 26.63S","After_NA",24.25,"3L","Aurora","R0026","Flow Core",377,377,344,357,447,275,354,311,416,737,603,469,379,335,337,532,606,497,436,436,127,127,623,370,388,373,315,227,416,363,480,360,279,396,466,519,240,303,378,349,360,369,859,395,-27.325,0,27.25,1.04,1.17,1.02,4.88,4.73,3.45,3.05,2.96,2.94,2.79,2.75,2.74,2.76,2.66,2.74,2.73,2.81,2.67,2.84,3.06,3.58,3.53,3.22,5.61,4.73,3.13,2.88,2.9,2.84,3.09,3.13,2.97,3.12,3.09,3.09,3.08,2.99,3.02,3.08,3.26,3.56,3.53,3.72,3.88,4.14,4.3,4.51,1978777.5,1986494.4375,597384.40625,1266483.6875,1367808.75,1230901.3125,1060417.0625,764016.03125,890852.96875,769734.46875,775435.9375,1148037.5,509887.640625,455328.828125,518347.890625,463197.734375,497813.3125,569953.9375,1963339.5,1988039.75,1952930,1948931.0625,141452.7578125,177026.2734375,535961.28125,730856.625,863704.46875,911012.15625,562393.625,481092.296875,594678.09375,413088.609375,273560.03125,273487.796875,252476.7265625,543631.03125,411082.484375,1081931.1875,2031631.1875,1933933.875,1630971.5625,1431135.75,1912325.75,2107432.75
"07 Before",21,1,2025-02-07 09:59:03.43,2025-02-07,"9H 59M 3.43S","Before_NA",23.75,"3L","Aurora","R0026","Flow Core",368,368,341,353,446,270,350,306,408,730,590,464,379,327,333,525,599,491,437,437,128,128,629,367,385,374,312,228,416,365,479,359,279,394,465,520,243,305,382,355,363,372,890,398,-27.375,0,27.275,1.04,1.17,1.02,5.07,4.18,2.48,1.96,1.85,1.85,1.68,1.69,1.61,1.68,1.45,1.53,1.68,1.73,1.71,1.89,2.13,2.83,2.88,2.05,5.28,4.1,2.13,1.72,1.74,1.69,2.05,2.07,1.83,2.1,1.97,2.02,1.94,1.8,1.84,1.94,2.73,2.91,2.82,3.06,3.31,3.58,3.89,4.14,1985884.5,1999139.6875,605847.15625,1281829,1400333.625,1238013.1875,1076609.625,767996.125,902097.5625,774445.6875,768521.375,1176981.25,521028.25,454402.4375,522018.328125,466348.5,501490.734375,580482.46875,1987611.5,2029116.3125,1984636,1992267.875,144004.2421875,178371.3203125,539557.9375,742990.0625,869359.09375,934640.25,569740.40625,486530.8125,592249.125,412611.046875,276718.9375,275089.421875,255313.7734375,553917.96875,417646.953125,1094526.625,2035158.875,1967462.375,1637537.5625,1442434.5,1880686.125,2139775.875
"06 After",21,1,2025-02-06 10:11:52.16,2025-02-06,"10H 11M 52.16S","After_NA",23.75,"3L","Aurora","R0026","Flow Core",368,368,341,353,446,270,350,306,408,730,590,464,379,327,333,525,599,491,437,437,128,128,629,367,385,374,312,228,416,365,479,359,279,394,465,520,243,305,382,355,363,372,890,398,-27.375,0,27.275,1.04,1.17,1.02,5.03,4.39,2.2,1.74,1.72,1.73,1.57,1.61,1.53,1.65,1.33,1.4,1.59,1.62,1.57,1.71,1.94,2.7,2.7,2.03,4.45,3.67,2.18,1.65,1.65,1.57,1.9,1.93,1.75,1.98,1.88,1.92,1.9,1.71,1.85,2.02,2.81,2.89,2.73,2.91,3.13,3.29,3.52,3.87,1991704,2008361.1875,606238.96875,1282661.9375,1400807.1875,1234592.8125,1075060.9375,767031.25,900365.34375,773976.9375,768134.125,1175711.6875,520555.28125,453999.453125,522154.90625,466350.65625,501120.78125,572959.5625,1975783.5,2021465.625,1965181,1980610.8125,143806.203125,178143.8125,537555.5,741710.21875,865356.15625,930526.5625,568236.8125,486203.328125,591729.28125,412029.40625,276659.078125,274819.046875,254918.7265625,547089.09375,417408.5625,1093066.6875,2028842.125,1961940.9375,1636743.25,1444315.3125,1910841.5625,2120950.75
"06 Before",20,1,2025-02-06 09:54:08.58,2025-02-06,"9H 54M 8.58S","Before_NA",24.25,"3L","Aurora","R0026","Flow Core",372,372,339,351,445,272,348,306,409,727,591,466,376,327,333,526,594,486,431,431,126,126,619,361,380,368,309,225,412,356,473,355,276,389,460,519,238,298,377,351,355,364,810,397,-27.35,0,27.3,1.04,1.19,1,4.74,4.06,2.29,1.76,1.73,1.7,1.55,1.56,1.48,1.55,1.27,1.34,1.57,1.58,1.5,1.71,1.89,2.67,2.71,1.93,4.69,3.77,2.1,1.63,1.62,1.57,1.88,1.93,1.7,1.92,1.81,1.89,1.79,1.64,1.7,1.95,2.63,2.73,2.6,2.81,3.04,3.24,3.49,3.82,2016692,2029721.6875,604598.84375,1267079.4375,1398267.0625,1247276.5,1073975.9375,766841,900978.46875,772973.0625,766910.96875,1174985.625,522411.875,454813.828125,523197.875,467314.546875,498659.296875,571710.3125,1970405.5,2020198.3125,1962149,2003434.6875,144218.828125,179704.3828125,543174.3125,748444.625,884796.40625,934168.5625,582194.25,485842.96875,606017.09375,421980.84375,279520.65625,277127.28125,257965.6875,562505.71875,409133.9375,1062163.0625,1990590.4375,1945259.625,1595462.75,1393593.1875,1729799.1875,2097412.5
"04 After",20,1,2025-02-05 09:33:54.87,2025-02-05,"9H 33M 54.87S","After_NA",24.25,"3L","Aurora","R0026","Flow Core",372,372,339,351,445,272,348,306,409,727,591,466,376,327,333,526,594,486,431,431,126,126,619,361,380,368,309,225,412,356,473,355,276,389,460,519,238,298,377,351,355,364,810,397,-27.35,0,27.3,1.04,1.19,1,4.73,4.29,3.09,2.72,2.68,2.68,2.48,2.51,2.43,2.48,2.19,2.14,2.38,2.39,2.4,2.55,2.81,3.53,3.46,3.03,5.42,4.72,3.26,2.77,2.74,2.68,2.99,3.02,2.79,2.99,2.91,2.97,2.92,2.76,2.79,2.83,3.17,3.5,3.35,3.53,3.74,3.97,4.18,4.37,1990045,1996114.6875,602206.3125,1262891.8125,1393290.625,1243459.25,1070353.5625,764876.53125,897540,770310.21875,763929.625,1167193.375,521371.546875,453488.71875,521128.234375,465788.9375,497733.015625,567200.625,1973236,2007427.9375,1963997.5,1986423.5625,144088.4921875,179058.1171875,539697.53125,745746.875,876146.65625,927565.0625,579206.625,483033.640625,601633.8125,418127.21875,277313.8125,274936.75,255494.3359375,550141.875,417178.390625,1080188.25,2012628.125,1965556.875,1621458.6875,1418909,1833331.875,2092977.3125
"31 Before",17,1,2025-01-31 10:05:37.11,2025-01-31,"10H 5M 37.11S","Before_NA",23,"3L","Aurora","R0026","Flow Core",363,363,338,351,444,271,348,306,409,721,591,463,359,317,325,511,593,564,440,440,129,129,621,367,386,371,317,228,408,353,476,359,276,391,471,600,209,271,359,342,347,358,868,465,-27.3,0,27.2,1.04,1.17,1.03,5.55,4.74,2.21,1.76,1.73,1.76,1.62,1.67,1.58,1.75,1.44,1.52,1.64,1.66,1.61,1.75,1.99,2.7,2.85,2.08,5.09,3.93,2.15,1.71,1.68,1.59,1.9,1.93,1.73,1.94,1.9,1.95,1.94,1.8,1.88,1.86,2.74,3.05,3,3.23,3.46,3.72,4,4.16,1969797,1991628.875,597165.8125,1263788.375,1374079.0625,1242478.625,1071334.5,763807.96875,897772.46875,772098.09375,758704.6875,1141773.25,503278.546875,441384.4375,512874.3125,456992.046875,498520.78125,626652.125,1980052,2016062.75,1975618,1997108.3125,141844.953125,178383.5703125,545213.15625,732346.625,877452.09375,923546.1875,566375.125,473113.78125,593051.0625,412357.8125,273861.90625,272577.90625,256478.8515625,597247.5,400377.875,1023185.59375,1969381.0625,1935117.25,1588789.25,1400382.125,1781185.0625,2305313.375
"30 After",17,1,2025-01-30 10:59:23.86,2025-01-30,"10H 59M 23.86S","After_NA",23,"3L","Aurora","R0026","Flow Core",363,363,338,351,444,271,348,306,409,721,591,463,359,317,325,511,593,564,440,440,129,129,621,367,386,371,317,228,408,353,476,359,276,391,471,600,209,271,359,342,347,358,868,465,-27.3,0,27.2,1.04,1.17,1.03,5.91,5.08,2.11,1.76,1.82,1.83,1.76,1.8,1.78,2.01,1.84,1.99,2.03,2.02,1.93,1.95,2.13,2.91,2.95,2.5,4.65,3.76,2.46,2.04,2.14,2.03,2.35,2.42,2.19,2.45,2.33,2.34,2.32,2.17,2.24,2.38,2.96,3.21,3.16,3.33,3.54,3.71,3.96,4.09,1992045.5,2007484.5,599115.5,1268812.1875,1378854.375,1247787.5,1075713.5,767933.28125,904017.3125,779796.53125,770709.46875,1161264.25,516752.90625,453887.734375,522708.4375,465364.25,501204.765625,571355.53125,1983047.5,2010458.375,1973106,1988745.6875,142664.9765625,179169.78125,548721.59375,739237.625,885245.8125,932194.875,574011,483679.71875,604875.96875,418727.359375,277820.40625,276041.890625,256125.1171875,552056.28125,421201.171875,1089537.5,2048859.75,1989432.5,1648020.0625,1456067.1875,1903525.1875,2139021.25
"30 Before",16,1,2025-01-30 10:52:42.4,2025-01-30,"10H 52M 42.4S","Before_NA",24.5,"3L","Aurora","R0026","Flow Core",361,361,340,352,442,271,346,305,407,720,591,463,362,321,326,513,589,529,441,441,129,129,626,368,388,375,316,230,415,359,481,360,279,395,472,576,215,283,364,346,353,363,891,441,-27.35,0,27.275,1.04,1.16,1.03,5.89,4.95,1.9,1.46,1.53,1.61,1.51,1.59,1.56,1.79,1.54,1.66,1.75,1.72,1.65,1.75,1.84,2.7,2.88,2.06,4.87,3.71,2.01,1.59,1.56,1.45,1.83,1.84,1.61,1.9,1.8,1.82,1.81,1.6,1.74,1.89,2.91,3.16,3.08,3.24,3.5,3.72,4.04,4.27,1975038,1987668.875,607481.71875,1285351.875,1382938.9375,1251271.0625,1067294.0625,771051.78125,907513.375,781600.84375,770269.125,1158147.375,524149,458369.140625,523740.296875,467973.359375,496741.765625,536328.28125,1993212.5,2025681.9375,1984028,1984872.1875,144627,178553.5859375,546243.4375,744441,869252.75,932665.65625,578926.53125,492335.5625,609935.21875,421329.40625,279222,276725.109375,255865.0859375,526567.71875,437176.96875,1136719.0625,2070421,1987192.1875,1674852.8125,1473493.125,1942507.25,2031724.25
"29 After",16,1,2025-01-29 10:21:22.29,2025-01-29,"10H 21M 22.29S","After_NA",24.5,"3L","Aurora","R0026","Flow Core",361,361,340,352,442,271,346,305,407,720,591,463,362,321,326,513,589,529,441,441,129,129,626,368,388,375,316,230,415,359,481,360,279,395,472,576,215,283,364,346,353,363,891,441,-27.35,0,27.275,1.04,1.16,1.03,5.73,4.86,2,1.62,1.67,1.71,1.61,1.68,1.64,1.9,1.65,1.75,1.83,1.82,1.71,1.86,1.93,2.61,2.87,2.25,4.84,3.73,2.28,1.88,1.99,1.81,2.18,2.21,1.98,2.24,2.14,2.17,2.17,2.02,2.06,2.05,2.6,2.87,2.83,3.03,3.23,3.49,3.72,3.92,1963544,1975960.375,606283.3125,1285368.125,1379373.25,1247393.5,1062415.5625,767084.1875,901406.875,776018.34375,765994.28125,1154519.3125,517426.9375,455390.53125,521260.640625,465572,498715.859375,575505.03125,1980747,2016835.5625,1972087.5,1978696.9375,143646.2890625,177321.0859375,542390,738224.3125,865696.40625,929922.90625,573679.875,485079.609375,602729.9375,417571.84375,276555.75,274400.71875,255585.7578125,546230.6875,413456.40625,1086677.625,2014907.8125,1947685.9375,1632233.5,1435116.3125,1870476.1875,2102658.75
"29 Before",15,1,2025-01-29 10:12:33.61,2025-01-29,"10H 12M 33.61S","Before_NA",23,"3L","Aurora","R0026","Flow Core",362,362,340,354,442,271,346,305,408,719,591,461,363,322,326,513,590,539,437,437,128,128,621,365,385,371,313,228,411,354,475,355,275,390,466,567,214,281,361,343,349,358,862,434,-27.35,0,27.275,1.04,1.17,1.02,5.46,4.65,1.74,1.33,1.42,1.47,1.4,1.44,1.44,1.65,1.48,1.56,1.62,1.58,1.46,1.57,1.67,2.41,2.73,1.94,4.52,3.59,2.02,1.56,1.56,1.45,1.79,1.8,1.58,1.87,1.74,1.8,1.78,1.65,1.72,1.77,2.54,2.78,2.72,2.92,3.16,3.35,3.66,3.8,1998876,2012247.5,607791.8125,1291138.6875,1385368.0625,1253260.25,1067016.875,770183.09375,905600.1875,764439.28125,766770.15625,1154753.875,521186.171875,463548.546875,524149.109375,468232.046875,501733.78125,591427.09375,1979385,2015036.8125,1978401.5,2005144.1875,143592.015625,180070.0390625,544663.21875,741026.03125,879279.28125,935402.15625,575859.25,487405.8125,602467.0625,417477.203125,275728.203125,274993.984375,254633.5625,548450.40625,417272.734375,1083058.6875,1999043,1953237.375,1623965.5625,1419886.0625,1844496.875,2082178.4375
"28 After",15,1,2025-01-28 11:14:56.82,2025-01-28,"11H 14M 56.82S","After_NA",23,"3L","Aurora","R0026","Flow Core",362,362,340,354,442,271,346,305,408,719,591,461,363,322,326,513,590,539,437,437,128,128,621,365,385,371,313,228,411,354,475,355,275,390,466,567,214,281,361,343,349,358,862,434,-27.35,0,27.275,1.04,1.17,1.02,5.72,4.81,2.2,1.93,1.94,1.99,1.9,1.93,1.91,2.14,2.03,2.13,2.09,2.03,1.98,2.06,2.15,2.94,3.01,2.62,4.93,4.09,2.6,2.2,2.35,2.3,2.58,2.63,2.38,2.6,2.58,2.6,2.57,2.45,2.47,2.47,2.85,3.03,2.96,3.11,3.31,3.52,3.85,3.98,1982064,1990379.125,602883.3125,1276138.625,1372684,1240388,1057578.4375,763313.25,896004.4375,759388.5625,764942.5625,1155333.75,514439.96875,458899.578125,520072.109375,463993,496347.078125,573170.875,1974325,1992186.5625,1972451.5,1978909.75,142100.015625,178285.8828125,539265.0625,734418.34375,872914.125,929987.75,570392.46875,484400.796875,599672.59375,416789.046875,275281.078125,274795.5625,254200.1796875,548571.9375,409933.53125,1082243.625,2001807.75,1957811.875,1630610.75,1427812.75,1882845.75,2096262.75
"28 Before",14,1,2025-01-28 11:08:15.1,2025-01-28,"11H 8M 15.1S","Before_NA",25,"3L","Aurora","R0026","Flow Core",366,366,339,351,445,272,348,305,409,727,594,464,375,328,331,523,597,500,436,436,128,128,620,367,386,371,314,227,416,362,483,361,279,394,464,528,235,298,374,351,356,366,849,401,-27.35,0,27.325,1.04,1.17,1.02,5.78,4.88,1.95,1.55,1.66,1.69,1.6,1.63,1.64,1.82,1.6,1.69,1.81,1.76,1.66,1.71,1.86,2.7,2.85,2.08,5.11,4.06,2.14,1.7,1.71,1.64,1.96,1.99,1.73,1.98,1.91,1.93,1.93,1.77,1.88,2.02,2.69,2.93,2.78,3.01,3.24,3.52,3.82,4.11,1993816,2005211.4375,605913.65625,1270046.6875,1400533.0625,1249936.6875,1078431.25,769126.09375,903482.03125,777289.25,778502.0625,1173289.9375,539502.9375,467854.5625,530603.1875,473895.34375,506911.65625,538758.59375,1991850,2028426.875,1999940,2004035.3125,143310.984375,179846.6796875,552355.8125,741784.8125,880436.25,928930.53125,585416.53125,496472.40625,616139.5,426253.78125,282057.734375,280059.6875,255187.34375,515747.125,460252.53125,1181502.9375,2120045.625,2045473.1875,1691133.6875,1479776.1875,1900854.1875,1981422.5625
"27 After",14,1,2025-01-27 10:05:24.04,2025-01-27,"10H 5M 24.04S","After_NA",25,"3L","Aurora","R0026","Flow Core",366,366,339,351,445,272,348,305,409,727,594,464,375,328,331,523,597,500,436,436,128,128,620,367,386,371,314,227,416,362,483,361,279,394,464,528,235,298,374,351,356,366,849,401,-27.35,0,27.325,1.04,1.17,1.02,5.38,4.56,2.06,1.66,1.68,1.68,1.58,1.64,1.57,1.76,1.56,1.65,1.74,1.73,1.64,1.79,1.98,2.63,2.6,2.07,4.96,3.96,2.31,1.9,1.93,1.85,2.15,2.19,1.96,2.17,2.11,2.11,2.08,1.92,1.96,1.92,2.43,2.67,2.59,2.8,3.03,3.3,3.55,3.79,1978126.5,1986612.6875,603558.15625,1263614.625,1394989.5,1241473.9375,1069288,764173.875,897067.28125,771352.28125,775841.09375,1171032.5625,522031.875,454092.375,518964.859375,462421.703125,500089.640625,574463.3125,1980453.5,2015085.3125,1977646,1982154,142034.609375,178288.75,545174.4375,734066.1875,872875.28125,921570.375,571225.40625,482090.671875,601349.1875,417343.984375,276147.03125,274110.34375,252864.7109375,545386.15625,415934.3125,1097090.3125,2030786.625,1981254.6875,1636368.8125,1435091.5625,1879219.375,2119390.75
"17 Before",11,1,2025-01-17 09:42:44.45,2025-01-17,"9H 42M 44.45S","Before_NA",19.75,"3L","Aurora","R0026","Flow Core",365,365,339,356,447,272,347,305,408,715,594,464,362,318,326,512,597,578,445,445,131,131,624,370,386,377,317,230,412,358,477,360,279,395,476,619,205,271,361,345,354,365,971,487,-27.6,0,27.35,1.04,1.16,1.03,4.9,4.01,2.64,2.08,1.99,1.96,1.79,1.79,1.72,1.76,1.5,1.54,1.67,1.71,1.76,1.98,2.29,2.86,2.38,1.93,5.34,4.13,2.23,1.9,1.93,1.93,2.23,2.3,2.04,2.25,2.2,2.14,2.07,1.9,1.93,1.79,2.24,2.5,2.43,2.69,2.93,3.16,3.46,3.66,1932455.5,1947918.5625,599382.46875,1270008.875,1388054.75,1234108.5,1049019.125,757674,889324.1875,757743.125,805908.9375,1229716.5625,500838.921875,448899.859375,522314.4375,456610.71875,507457.1875,702235.90625,2041203.5,2026201.875,2028458.5,1999788,142311.9921875,177596.5859375,538230.15625,748500.59375,901322.90625,964901.625,564938.5625,476718.78125,601245.03125,423534.578125,277847.90625,277905.90625,263306.875,665647.8125,324891.859375,981300.71875,2018622.8125,1997163.375,1658667.6875,1480848.875,2215463,2740002.625
"16 After",11,1,2025-01-16 13:54:30.62,2025-01-16,"13H 54M 30.62S","After_NA",19.75,"3L","Aurora","R0026","Flow Core",365,365,339,356,447,272,347,305,408,715,594,464,362,318,326,512,597,578,445,445,131,131,624,370,386,377,317,230,412,358,477,360,279,395,476,619,205,271,361,345,354,365,971,487,-27.6,0,27.35,1.04,1.16,1.03,6.34,5.25,1.92,1.53,1.6,1.67,1.6,1.66,1.65,1.9,1.61,1.76,1.81,1.73,1.59,1.66,1.81,2.56,2.58,1.88,4.9,3.58,2.02,1.61,1.64,1.53,1.86,1.89,1.69,1.95,1.86,1.88,1.85,1.6,1.72,1.84,3.02,3.29,3.29,3.49,3.73,4.09,4.4,4.54,1997874,2013436.6875,605687.96875,1285916.8125,1402043.5,1251817.125,1067033.0625,770460.15625,906296.09375,766633.78125,785131.9375,1183606.4375,527966.8125,456914.125,527021.15625,467376.296875,505314,578623,1997319.5,2029403.125,1986546,1999961.6875,144485.375,180671.34375,549397.78125,751996.90625,883403.71875,939487.71875,581373.96875,489543.375,603381.03125,423540.34375,280531.640625,278216.4375,257800.2265625,557237.34375,413994.515625,1092755.875,2032289.6875,1970004.625,1649465.375,1452056.75,1892861.375,2132926.375
"16 Before",10,1,2025-01-16 13:50:14.64,2025-01-16,"13H 50M 14.64S","Before_NA",28.5,"3L","Aurora","R0026","Flow Core",381,381,345,359,448,275,352,308,413,730,591,459,377,326,332,530,601,505,430,430,127,127,621,364,380,368,303,221,412,356,471,352,275,388,459,522,262,305,378,352,360,369,827,406,-27.5,0,27.25,1.04,1.19,0.99,6.25,5.34,1.93,1.57,1.66,1.71,1.62,1.71,1.71,2.02,1.84,1.95,1.95,1.93,1.81,1.83,1.92,2.78,2.53,2.17,4.73,3.71,2.28,1.88,1.91,1.83,2.13,2.18,1.96,2.21,2.15,2.21,2.15,2.02,2.1,2.14,3.04,3.34,3.32,3.52,3.81,4.03,4.28,4.41,2072380,2076281.1875,608258.75,1295448.375,1395785.125,1259147.125,1086728.3125,775081.1875,913540.6875,776011.125,765383.5,1153961.9375,545444.28125,470676.75,533015.8125,481068.28125,505773.03125,500043.1875,1918174,1999389.75,1923452,1989466.875,145701.828125,180858.6640625,547799.5,748935.375,861357.25,912058.9375,593297.59375,498941.140625,603829.03125,419104.53125,280449.90625,276673.6875,251819.71875,480120.90625,506215.984375,1181101.625,2044673.1875,1929354.8125,1610875.6875,1395915.75,1606057.5,1732345.4375
"15 After",10,1,2025-01-15 09:13:13.25,2025-01-15,"9H 13M 13.25S","After_NA",28.5,"3L","Aurora","R0026","Flow Core",381,381,345,359,448,275,352,308,413,730,591,459,377,326,332,530,601,505,430,430,127,127,621,364,380,368,303,221,412,356,471,352,275,388,459,522,262,305,378,352,360,369,827,406,-27.5,0,27.25,1.04,1.19,0.99,4.89,4.4,2.8,2.45,2.25,2.19,2.06,2.06,2.02,2.08,1.94,2,2.04,2.02,2.11,2.26,2.45,2.93,2.64,2.42,5.32,4.34,2.7,2.33,2.41,2.4,2.63,2.67,2.44,2.61,2.59,2.59,2.56,2.37,2.4,2.32,2.46,2.68,2.64,2.83,3.07,3.25,3.42,3.5,1990021,1992444,600082.625,1277877.1875,1374797.9375,1239064.3125,1070081.1875,761616.65625,895258.3125,759840.25,764464.28125,1162642.5,511200.78125,449962.484375,516887.328125,461595.96875,497913.234375,594198.375,1974474.5,1989956.125,1982017,1986304.625,143369.5859375,177595.625,538041.9375,743163.25,865157,919936.5,573385.78125,479873.90625,591521.40625,412162.3125,274279.375,271928.328125,253220.2265625,563540.5625,419292.453125,1072314.3125,2024759.25,1951121.5625,1626956.25,1426559.0625,1885053.125,2197024
"15 Before",9,1,2025-01-15 09:08:11.36,2025-01-15,"9H 8M 11.36S","Before_NA",22.5,"3L","Aurora","R0026","Flow Core",377,377,344,357,450,274,352,310,416,728,604,472,378,330,335,530,604,514,440,440,131,131,623,369,389,377,316,230,418,363,488,364,282,398,471,543,229,294,372,349,356,366,878,410,-27.55,0,27.325,1.04,1.16,1.02,4.6,3.98,2.71,2.17,2.01,1.98,1.84,1.84,1.77,1.73,1.54,1.56,1.75,1.8,1.84,2.04,2.29,2.9,2.5,1.95,5.44,4.37,2.29,1.94,2.01,2.01,2.31,2.37,2.07,2.26,2.18,2.12,1.99,1.88,1.85,1.73,1.98,2.25,2.1,2.31,2.5,2.69,2.99,3.23,1990391,2002049.1875,603134.21875,1284129.1875,1382116.375,1245233.75,1075411.6875,765235.90625,899120.03125,767923.9375,805659.65625,1225409.625,517209.84375,465194.53125,530485.125,467652.34375,508064.015625,612162.40625,2045364,2024418.1875,2067435.5,2015455.0625,143077.0234375,178317.890625,541686.03125,749686.5,889199.53125,960915.15625,574069.5,489249.265625,619881.84375,427865.4375,279007.765625,279406.65625,258802.375,584187.71875,374872.171875,1075572,2092863.75,2038099.4375,1697843.125,1499124,2161230.5,2332536.125
"14 After",9,1,2025-01-14 10:32:54.12,2025-01-14,"10H 32M 54.12S","After_NA",22.5,"3L","Aurora","R0026","Flow Core",377,377,344,357,450,274,352,310,416,728,604,472,378,330,335,530,604,514,440,440,131,131,623,369,389,377,316,230,418,363,488,364,282,398,471,543,229,294,372,349,356,366,878,410,-27.55,0,27.325,1.04,1.16,1.02,5.01,4.26,2.56,2.15,2.06,2.03,1.89,1.91,1.9,2.01,1.85,1.94,1.95,2.05,2,2.14,2.35,3.05,2.44,2.23,4.82,3.87,2.58,2.23,2.28,2.22,2.51,2.57,2.32,2.59,2.56,2.52,2.39,2.32,2.27,2.42,2.83,3.13,3.03,3.24,3.48,3.74,3.98,4.37,1998865,1865466.5,615173.4375,1268282.0625,1394430,1270964.6875,1077097.875,765726.53125,922467.78125,777299.625,776254.28125,1179981,521980.5625,465604.015625,527346.84375,470264.90625,508461.40625,584800,1981587.5,2010099.75,1975130,1888318.8125,142354.8671875,177225.734375,539989.90625,744698.15625,853525.65625,929235.65625,567633.875,475274.96875,603544.75,416639.578125,291790.34375,295862.09375,274112.3125,593451.84375,412770.5,1091972,2030757,1963209.4375,1742258.125,1458581.25,2003971.5,2253143.875
"14 Before",8,1,2025-01-14 10:27:22.92,2025-01-14,"10H 27M 22.92S","Before_NA",23.5,"3L","Aurora","R0026","Flow Core",382,382,347,359,453,276,354,312,419,732,608,474,379,331,336,532,609,533,441,441,130,130,622,369,388,376,316,229,416,361,485,363,281,396,471,555,224,290,369,347,354,364,880,421,-27.55,0,27.325,1.03,1.16,1.02,5.37,4.52,2.27,1.77,1.72,1.7,1.61,1.59,1.55,1.67,1.42,1.49,1.6,1.63,1.61,1.82,2.04,2.8,2.37,1.82,5.29,3.91,2.16,1.76,1.82,1.78,2.09,2.15,1.91,2.18,2.07,2.06,1.99,1.76,1.79,1.89,2.87,3.15,3.06,3.32,3.56,3.9,4.14,4.53,2042909,2032272.125,606962.53125,1275566.9375,1395838.3125,1253552.1875,1072740.25,772543.75,910012.53125,774541.96875,775154.84375,1164581.375,517392.21875,454190.203125,519477.625,467018.671875,503338.625,594343.25,2002750.5,2032804,1991154,1989209.6875,141814.453125,179841.3671875,544843.21875,739186,867154.03125,922032.71875,568349.6875,480077,597908.28125,415536.984375,275853.390625,274692.203125,255283.0546875,564238.8125,416358.4375,1084146.5,2038294.4375,1987745.5,1642843.4375,1445754.4375,1933574.0625,2204782.875
"13 After",8,1,2025-01-13 10:50:09.45,2025-01-13,"10H 50M 9.45S","After_NA",23.5,"3L","Aurora","R0026","Flow Core",382,382,347,359,453,276,354,312,419,732,608,474,379,331,336,532,609,533,441,441,130,130,622,369,388,376,316,229,416,361,485,363,281,396,471,555,224,290,369,347,354,364,880,421,-27.55,0,27.325,1.03,1.16,1.02,4.97,4.38,2.64,2.06,1.96,1.94,1.77,1.79,1.71,1.88,1.62,1.7,1.86,1.93,1.91,2.12,2.32,3.09,2.46,2.18,4.71,3.69,2.44,2.15,2.16,2.11,2.46,2.55,2.31,2.51,2.5,2.49,2.39,2.23,2.31,2.51,2.74,3.04,2.97,3.18,3.37,3.6,3.9,4.15,2009380,1866700.6875,615172.9375,1254924.25,1394633.3125,1268029.75,1063765.8125,765548.8125,923497.09375,784551.8125,768423.71875,1166303.3125,518185.21875,462385.25,521972.21875,468792.359375,504750.5625,578814.78125,1974561.5,2016107.75,1959769.5,1882974.375,140774.2265625,177824.7734375,541479.71875,738279.65625,854871.875,923024.40625,563534.375,472089.390625,597868.15625,412500.375,291904.9375,295405.703125,273657.078125,587368.59375,410656.359375,1089005.5,2035584.125,1959394.6875,1726006,1449364.625,1986084,2230893.625
"08 Before",5,1,2025-01-08 10:59:07.42,2025-01-08,"10H 59M 7.42S","Before_NA",23,"3L","Aurora","R0026","Flow Core",890,890,538,616,825,541,747,650,884,1521,1202,911,750,642,628,978,1134,897,414,414,122,122,631,373,388,377,314,225,420,363,479,359,276,389,456,502,267,323,400,371,385,392,1000,411,-26.925,0,27.275,1.23,1.18,1.04,9.29,9.39,6.31,6.68,6.62,6.51,6.72,6.64,6.62,6.37,6.56,6.37,6.25,6.07,5.73,5.83,5.52,6.12,4.83,4.08,2.97,2.31,2.65,2.34,2.29,2.16,2.3,2.29,2.23,2.36,2.3,2.49,2.67,2.67,2.93,3.24,2.11,2.34,2.31,2.45,2.7,2.91,3.19,3.33,1978120,1969337.1875,585603.09375,1251143.8125,1347409.3125,1195480.1875,1049417.375,745073.75,877028.25,749659.15625,770374.1875,1156536.375,505308.828125,457483.359375,518561,456084.703125,492447.3125,569108.6875,1981973.5,1992053.25,1993517.5,1987378.5625,143653.609375,179426.296875,541766.34375,751321.9375,887535.75,935881.96875,579974.6875,491199.046875,603399.21875,423771.46875,280178.09375,278054.8125,257426.1953125,559349.09375,409315.671875,1098669.5,2075579.4375,2018865.3125,1674167.4375,1463587.125,1992298.5625,2177791.125
"07 After",5,1,2025-01-07 11:58:29.18,2025-01-07,"11H 58M 29.18S","After_NA",23,"3L","Aurora","R0026","Flow Core",890,890,538,616,825,541,747,650,884,1521,1202,911,750,642,628,978,1134,897,414,414,122,122,631,373,388,377,314,225,420,363,479,359,276,389,456,502,267,323,400,371,385,392,1000,411,-26.925,0,27.275,1.23,1.18,1.04,8.64,8.64,5.45,5.8,5.73,5.7,5.87,5.75,5.68,5.56,5.74,5.64,5.51,5.26,5.06,5.11,4.93,5.85,4.56,3.95,2.79,2.06,2.76,2.45,2.4,2.29,2.42,2.4,2.39,2.54,2.44,2.66,2.87,2.86,3.15,3.61,2.45,2.64,2.58,2.79,3.01,3.17,3.46,3.66,1998934,2002921,593627.5625,1269106.9375,1370862.4375,1217409.5625,1067979.0625,758195.8125,893913.71875,760057.5625,771510.75,1153990.625,509685.828125,458225.296875,520657.59375,460139.3125,496191.234375,569767.375,1980404,2002003.375,1982169,1990270.5,143381.5078125,179305.7734375,542432.65625,749029.53125,877543.96875,923878.34375,576585,487858.234375,597258.75,418461.796875,277653.765625,274812.234375,254537.6171875,551093.1875,422313.734375,1095750,2051194.6875,1994026.25,1655318.25,1440989.125,1920469.5625,2138230.25
"05 Before",3,1,2025-01-05 12:10:06.08,2025-01-05,"12H 10M 6.08S","Before_NA",14.5,"3L","Aurora","R0026","Admin",900,900,540,620,827,545,750,658,892,1535,1182,899,744,624,613,963,1116,915,421,421,123,123,623,367,385,369,305,220,411,352,464,349,269,381,448,506,274,317,385,362,372,377,915,411,-26.95,0,27.225,1.23,1.18,1.03,8.71,8.82,5.92,6.25,6.25,6.18,6.34,6.29,6.26,6.07,6.39,6.15,5.89,5.8,5.43,5.45,5.33,6.04,4.38,3.79,2.82,2.06,2.38,2.03,1.93,1.85,2.02,1.94,1.87,2.12,2.02,2.27,2.43,2.48,2.75,3.37,1.95,2.2,2.07,2.25,2.47,2.7,2.96,3.38,1972154,1947444.8125,581572.46875,1243589.5,1342537.625,1209129.1875,1045985.625,754755.25,893899.5625,745347.9375,741160.75,1118016.5625,511534.578125,447079.046875,512425.109375,460491.9375,494452.078125,572734.5625,2050304,2049243.4375,2049860,2028044.4375,145430.859375,179643,544008.375,743483.125,867503.9375,919641.125,576100.96875,485782.171875,601686.6875,422635.59375,280582.890625,278914.3125,258630.171875,558571.84375,460138.53125,1142177.5625,2073650.4375,2026284.25,1683388.5,1459466.3125,1965692.625,2174280.75
"04 After",3,1,2025-01-04 21:39:48.18,2025-01-04,"21H 39M 48.18S","After_NA",14.5,"3L","Aurora","R0026","Admin",895,895,547,617,829,547,742,656,882,1513,1195,910,745,628,617,965,1112,901,409,409,119,119,612,364,379,367,304,219,407,352,459,344,267,376,442,493,267,315,388,360,372,381,879,405,-26.925,0,27.2,1.25,1.19,1.01,8.97,9.04,5.95,6.37,6.39,6.3,6.4,6.34,6.39,6.14,6.46,6.09,6.04,5.86,5.6,5.56,5.21,6.23,4.47,3.8,2.91,2.09,2.35,2.01,1.9,1.73,1.95,1.82,1.83,2.07,1.9,2.11,2.37,2.45,2.65,3.26,1.92,2.12,2,2.18,2.44,2.62,2.89,3.32,1990731,2003433.75,605462.28125,1274758.25,1377635.8125,1241728.125,1073578,762374.75,898744.8125,771486.125,766333.96875,1182140,520468.828125,463928.015625,525383.125,467280.28125,503259.28125,579102.3125,1995991.5,2024946.1875,1998600.5,2000223.1875,142118.6015625,179044.5859375,541121.90625,741383.21875,879752.1875,932784.875,578552.625,487759.03125,603623.9375,419069.890625,278939.390625,275287.734375,255568.9140625,554340.625,421133.671875,1093191.6875,2055295,1959562.875,1656231.25,1450145,1907034.875,2138915.75
"04 Before",2,1,2025-01-04 21:34:18.02,2025-01-04,"21H 34M 18.02S","Before_NA",34.5,"3L","Aurora","R0026","Admin",866,866,537,610,833,546,733,653,880,1476,1180,896,709,605,615,965,1147,1140,423,423,124,124,628,372,387,370,305,222,411,349,466,356,276,390,473,640,247,298,389,372,386,395,1114,560,-27,0,27.275,1.22,1.17,1.04,8.96,9.06,6.07,6.41,6.45,6.4,6.54,6.53,6.48,6.34,6.56,6.32,6.13,5.9,5.63,5.66,5.42,6.14,4.57,3.81,3.05,2.14,2.51,2.08,1.99,1.78,1.98,1.9,1.89,2.11,2,2.29,2.5,2.43,2.83,3.06,2,2.23,2.11,2.32,2.57,2.81,3.15,3.34,1936662.5,1890225.9375,579818.625,1217791.75,1340304.625,1205575,1024161.8125,740368.4375,874173.3125,725551.125,744263.28125,1126869.5625,485772.546875,436418.734375,513244.484375,456152.8125,502797.65625,720504.25,2065157.5,2059717.375,2072862.5,2032819.75,144339.7578125,180112.4921875,545180.625,737558.3125,866303.3125,927642.6875,568781.09375,474180.046875,604180.59375,430196.0625,284469.171875,284339.078125,270625.53125,713628.78125,398620.859375,1064684.125,2124996.25,2114755.5,1766622.5,1561681.1875,2516445.5,3038488
"03 After",2,1,2025-01-03 11:03:35.03,2025-01-03,"11H 3M 35.03S","After_NA",34.5,"3L","Aurora","R0026","Flow Core",866,866,537,610,833,546,733,653,880,1476,1180,896,709,605,615,965,1147,1140,423,423,124,124,628,372,387,370,305,222,411,349,466,356,276,390,473,640,247,298,389,372,386,395,1114,560,-27,0,27.275,1.22,1.17,1.04,8.03,8.17,4.56,4.91,4.84,4.77,4.86,4.86,4.77,4.71,4.84,4.61,4.61,4.44,4.23,4.39,4.23,7.16,4.73,3.77,3.35,2.3,2.39,2.03,2.02,1.83,2.03,1.96,2,2.22,2,2.11,2.25,2.33,2.62,4.7,3.37,3.43,2.83,2.9,3.14,3.4,3.73,5.67,1978880,1992093.8125,599554.875,1261471.4375,1384832.6875,1248268.4375,1061064.9375,765945,905699.46875,752878.625,766728.8125,1152611.8125,504765.09375,447258,520923.78125,465132.078125,506447.46875,663152.125,1977106,2019027.125,1981917,1992463.9375,143261.3828125,179149.3984375,542247.4375,730166.75,853735.5,911454.53125,563184.78125,468248.34375,592429.65625,418938,277548.40625,276352.25,260721.4765625,633183.03125,398134.84375,1036602.125,2012044.25,1982395.5625,1647374.9375,1447560.5,1985925.9375,2506153
