"Tracker","UV1-A","UV2-A","UV3-A","UV4-A","UV5-A","UV6-A","UV7-A","UV8-A","UV9-A","UV10-A","UV11-A","UV12-A","UV13-A","UV14-A","UV15-A","UV16-A","SSC-A","V1-A","V2-A","V3-A","V4-A","V5-A","V6-A","V7-A","V8-A","V9-A","V10-A","V11-A","V12-A","V13-A","V14-A","V15-A","V16-A","FSC-A","SSC-B-A","B1-A","B2-A","B3-A","B4-A","B5-A","B6-A","B7-A","B8-A","B9-A","B10-A","B11-A","B12-A","B13-A","B14-A","YG1-A","YG2-A","YG3-A","YG4-A","YG5-A","YG6-A","YG7-A","YG8-A","YG9-A","YG10-A","R1-A","R2-A","R3-A","R4-A","R5-A","R6-A","R7-A","R8-A"
83,1.03078609706635,1.04484338163925,1.04422838694831,1.03413730053053,1.03309461602664,1.03142415991556,1.02848147590082,1.04619453681798,1.03679497971121,1.03570088183392,1.01694954612715,1.03441610444075,1.03900298970642,1.05115747459495,1.0573716617996,1.09783005735425,1.06507721874703,1.03353468666497,1.01867838314461,1.02575173146671,1.03322152246912,1.03266651172262,1.0204809536199,1.02875013633451,1.00841744188804,1.0449817873111,1.03191059453334,1.01955692313921,1.02306269082642,1.01944152968574,1.02355202200798,1.04022784020999,1.1155745513743,1.03237512180015,1.10796715369285,1.02765705894526,1.02008238589436,1.02786902503516,1.01393910776718,1.01876957030759,1.02410964942485,1.02272662401094,1.01248244727038,1.01481282372547,0.992983619913138,1.01710807140752,1.01307295375704,1.03002759938474,1.09104323481631,1.03234088928315,1.02594037305776,1.03351748346954,1.02545349856408,1.02854573917323,1.04354283420772,1.03691227588836,1.03196536026406,1.04571171055697,1.10619715154716,1.04710132242083,1.01884970280409,1.0412199904149,1.01623649384893,1.02399562634541,1.03006471054861,1.04537474304408,1.11661887247001
82,0.967458167459583,0.964729719771298,0.98353567469108,0.99339892739192,1.00484445199854,1.00388686135288,0.997702968819633,1.00006874453788,0.999905572313859,1.00731010174234,0.993320389392198,0.989058994716556,0.980940002795179,0.972049194884771,0.946174380861069,0.883224553680819,1.05928168186875,1.02671679071236,1.03221449537712,1.0329221717675,0.994034242296784,0.990946112997043,0.999544572656723,0.999848598423316,1.03995840823007,0.999984760433399,1.03840993714942,1.01202256410381,1.02759702240555,1.00683895758375,1.00891624186008,1.00054996775426,0.880561521048329,0.987944114190241,1.00557926877849,0.987979225154773,0.99827877988037,0.988520974620958,0.990659367127084,0.998183298439239,0.992802002562664,1.00058926127732,1.00563013896611,0.989167690275689,0.984850824420902,0.953425103245945,0.958162003505262,0.936022393489228,0.847202740637428,1.01263473336964,1.0032855417764,0.988619061781209,1.00611361762237,0.997826637759906,0.97919218257609,0.952409113473412,0.950329958675133,0.935708613182522,0.84168200417811,1.06117393224856,1.05231875760272,0.99292129295155,0.9846826104761,0.959559567564197,0.962620500429274,0.937652026175323,0.825723585251926
79,1.01698754982559,1.00096182699293,0.999125403294367,0.996573459856876,0.997290638547292,0.99742215269751,0.996534251087455,0.99359202092312,0.996322879561073,0.980622013252863,0.998546761304685,0.994709562472563,0.995339915537772,0.992274138975922,1.00276864202952,0.997946736284025,1.00124131051889,1.00079823922175,0.999581267370316,1.00979978301392,1.00645622706519,1.00455277965561,1.00471393396862,1.01278613143075,1.01755152233428,0.982099940609981,0.989899592551209,1.00870700856346,1.00890293317857,0.999384249750425,1.0031534846855,1.00264788478187,1.00940847196551,0.988164539755961,1.29176769036102,0.978662265197577,0.99122783384991,0.989153398583425,0.985731927625941,0.987442283845038,0.968708904536015,0.992704415001027,0.978099237474165,0.968667306730859,0.967820275210776,0.987341015258065,0.983476320950542,0.980301157904644,0.986778684421303,0.958624802596207,0.949709584657921,0.947623080286204,0.983778375609057,0.975037365826424,0.974356108128001,0.960614198600673,0.968715682109623,0.966702162506438,0.973889877797682,1.01489300796758,0.988406747077674,0.981638382369821,0.986099480807968,0.985120155568914,0.979914491718864,0.99137203109635,0.991447621568102
78,0.994149429610193,1.00430578180422,1.0001194516094,1.00079760268617,0.99884721343073,0.998490030781509,0.997671408286378,0.994756198257692,0.996287874630051,1.00410620672064,0.999096746554239,1.00973052578952,1.01571637133284,1.01686880783782,1.02695070801841,1.08045020308632,1.0012905498793,1.00032479169409,1.00227929365387,1.00135600638098,1.00016143147622,0.998727708377055,0.997804915373852,0.996389248697888,0.996223640762727,1.00313749401909,1.00468192364624,0.993627801609608,1.00125373191943,1.00873377828624,1.00908442443896,1.02003885652782,1.10413741458392,0.999671310683581,0.840283015047311,0.991481366741537,0.990742586544827,0.996802993059848,0.996721413158612,0.997350288992942,1.00028097755719,0.99659916839652,0.996632790993869,0.996538920501302,1.00303813470782,1.00443684948572,1.00557693141528,1.01579681285024,1.08388281484821,1.00396126382627,1.008032386326,1.01155140749827,1.00692541698398,1.00111129132853,1.01232187299717,1.01725736048137,1.01794102554553,1.02556853756115,1.0933348290341,0.982049617855394,0.988280638027333,1.00882346550256,1.01124398509969,1.00867938043097,1.01275235494178,1.02519646993899,1.10476822833924
77,0.999784240066002,0.999590796824844,0.999922936570461,1.00058921198429,1.00113090269758,1.00269205757961,1.00554660500631,1.00777855388509,1.01226053410413,1.00211201600873,1.03064448506022,1.01763537295069,1.00403988731138,0.999958517366508,0.981087953723885,0.849935186947095,0.998612110288624,1.00067559240467,1.00103271085681,1.00273682686936,1.00396242238261,1.00569859326283,1.00598548873166,1.00788379059197,1.0106938702762,1.00072173878852,1.00307275580015,1.04545902031629,1.04099627697661,1.01982509763072,1.01871975450913,0.987832903789896,0.808562654454565,1.00101361913498,1.15329130038197,1.01062806868926,1.0095251480463,1.01298464123623,1.012960686469,1.00705086827433,1.0037756251408,1.02952975016226,1.03742608148631,1.02377091869264,1.01726097085911,1.01589790087794,1.01267158859724,0.988552030952022,0.836049486939589,1.00181182338502,0.989844675463659,0.991313885532902,1.02415224839629,1.03879770618817,1.02118224160245,1.0099844704565,1.00838625243037,0.990174243028618,0.838947059865761,1.13515481870014,1.10127153317351,1.04175785644474,1.02369612576261,1.02402582851061,1.0183062664321,0.987084189687891,0.81506614148511
76,0.992688097636101,0.997661025602983,0.997556861821817,0.997237984150521,0.996691226446749,0.996462884734579,0.994725373592237,0.99394445687746,0.993521143641146,1.00503764225377,0.987517306401973,0.995224301396528,1.00005255875756,1.00191134387315,1.01231043660857,1.09823357459478,1.00676418897677,1.00161763888484,1.00197911547912,1.00016713848801,0.9997298417567,0.997953732834692,0.997077534084928,0.995483672905688,0.997814447100794,1.01089199382062,1.00760236307437,0.980064207090642,0.985188106046886,0.994764943017549,0.99376840960186,1.01199638379143,1.13257847773791,1.00281858251699,0.783688631750341,0.987564928468241,0.992376795185875,0.996199545752701,0.9979323415571,1.00347654786963,1.006315794367,0.989838296747622,0.983467271514605,0.993801841737271,0.995870428202425,0.994071852956374,0.995974688204756,1.01264304884482,1.11342707093756,1.00849935810217,1.0269799909638,1.02518015884298,0.997177642249013,0.989100263649103,1.00173919829441,1.0057272845107,1.00617499241857,1.01698709629392,1.11597740854248,0.92087499675537,0.948741541401563,0.98551705102545,0.992582815421043,0.989921575599949,0.994838808493858,1.01252157485502,1.12916905227773
74,0.997123794557999,0.993971883627644,0.992120826767053,0.994420132618106,0.993759704308819,0.992910893951814,0.99223911539781,0.989460058717879,0.996580093481325,1.01581410752838,0.978124205750662,0.993629243532754,0.998799103853163,0.996675870771174,1.01054646123038,1.1195650880428,0.991717765243456,0.994914382394772,0.995565540182796,0.996172548993949,0.992815125504088,0.992500508269913,0.990546399776096,0.988036452887808,0.994803820965548,1.0181352221542,1.01790033805647,0.96271889373088,0.976825043678959,0.987251895077668,0.983645114359848,1.00540625862979,1.1623668888941,1.0002750072764,1.02584520798338,1.00292138583082,0.99981725073562,1.00104712101388,1.00493442666449,1.01959262483846,1.02819417549975,0.987444807456253,0.992174877654391,1.00965810208634,1.01070035524402,1.00649383403831,1.00991702771137,1.02853846602424,1.16116786077591,1.02790513845851,1.07045275669773,1.06045445791931,0.994306647323357,0.993581100058538,1.00436680508833,1.01171694415879,1.0096409285115,1.0220406118626,1.14576362139095,0.858064414850049,0.926374008535538,0.983186939722389,0.992166948638221,0.986885101692854,0.994555138811044,1.01561384787005,1.16264728875689
72,0.970667368171886,0.994310138710506,1.01162437472846,1.01839035156303,1.03050174159821,1.02976176385266,1.02538954591752,1.02847118823528,1.03441860521496,1.04116767463775,1.05682793472149,1.06347718038165,1.05109955375849,1.03949847618086,1.00303886743339,0.904373730441822,1.10425436996251,1.05630681687386,1.06715852829114,1.06433156461983,1.02688849322462,1.02444160417015,1.0298205742567,1.02957618708858,1.0726339420714,1.04070201400598,1.07932764080251,1.08686344443333,1.11615327740488,1.08543037401049,1.08781227483714,1.05970733464915,0.889517899057978,1.01831301460353,1.11027350345649,1.01945998142225,1.02918484303939,1.03758756556406,1.03786472021676,1.03928635588599,1.03845581045412,1.06973860241452,1.0826794474239,1.06046366695084,1.0560729476797,1.02540927863751,1.02917267974713,0.991970404398206,0.868308628027935,1.05755763483896,1.03140972075862,1.02851776689827,1.08378234356513,1.0810884539187,1.0617947297424,1.03309489078658,1.02980095643397,1.0045222002502,0.878046318553672,1.19554166159068,1.17982817171487,1.10596799025111,1.08711085261559,1.05845360422963,1.06279465906802,1.0162078294253,0.864720370645527
70,0.959332594188715,0.959647202779397,0.979291242549429,0.988446931009962,1.00107346961777,1.00008776884164,0.99394102934449,0.996687695680962,0.997276286238211,0.999829798467138,0.99469625606604,0.991344829780755,0.985346414286846,0.977709000910682,0.955134746823012,0.947480801642859,1.07380620848263,1.03618856317939,1.04264507105962,1.04050901931207,1.00179539772837,1.00021677460493,1.00752138744317,1.00600319383335,1.04486134720152,1.00543430341516,1.0422673283123,1.01209538597108,1.03010604104205,1.0172823728626,1.02227636392015,1.01604118248795,0.975375103265525,0.999862699667553,1.24458332724832,1.00196229271349,1.01142234625028,1.00098743102144,1.0005213746816,1.00480776806825,0.998535325013474,1.01290075176877,1.01788796201843,1.00173974990862,1.00062723445771,0.970103161815182,0.976037092358147,0.955103696971128,0.937390073606346,1.02904299541726,1.00715783099482,0.996072335294913,1.0213077174042,1.00609690091582,0.993908710509184,0.969849251357485,0.96990401700121,0.95839126187546,0.938218326880805,1.02026192766229,1.02733530970199,1.00354713173943,1.00474836596155,0.980298955662018,0.984770087487443,0.963683481493703,0.937435139391214
67,0.943834636551858,0.960113769875881,0.977170998788841,0.985893539749449,0.99626415786954,0.993387738055049,0.982230506287526,0.976189001782456,0.977609214988295,0.991487672649256,0.964099998303602,0.983998009126359,1.00105275871845,0.999137507244332,1.00094801659184,1.17773691183397,1.08716961946932,1.03758385531395,1.04696928695105,1.04371973752747,1.00210263013065,0.996524015223592,1.0001491817938,0.995623112707951,1.03247922103127,1.00476660841002,1.04148926013026,0.966801474185546,1.00175371808214,1.01842636462905,1.02588532535165,1.06241585552428,1.30875744205301,1.00448803374612,1.31571869265164,0.978626899471895,0.989616231684942,0.986452675884349,0.981927877200879,0.995736951926517,0.993418160952441,0.980604688544974,0.977164195659077,0.983892797342877,0.995712077802473,0.966336220261287,0.978204783229652,0.990609513976856,1.19250744782086,1.02906118042768,1.02678724007658,1.01445192219672,1.00794434593412,0.981127456314814,0.994766664618002,0.991992904840909,0.996927164067585,1.01032886906698,1.2132293082417,0.911698254599664,0.944586302006161,0.993058801243349,1.01183405832891,0.985979266740672,1.00003464183084,1.01883161382867,1.2622112743638
66,0.981357849817167,0.993399298390725,1.00917092588557,1.01895862671141,1.03094737111119,1.03016573265662,1.026617352351,1.03386576747554,1.03702699814387,1.03838388411845,1.06207717430813,1.04940380028009,1.02686151588401,1.01457847435682,0.968527804592643,0.821980483626223,1.09780632464549,1.05288630135395,1.05947885500596,1.0584047046323,1.02209214955906,1.02050309799443,1.02970546298536,1.03301850037628,1.07552550774419,1.02893070872329,1.07006444342503,1.09353125936455,1.11286246736685,1.06965140272358,1.07030664930595,1.02887291353532,0.79207058643596,1.01754984239965,1.05693868329711,1.0190952732132,1.02795899885365,1.03067707102492,1.03211834633408,1.03142355039119,1.02610931021183,1.06625031217117,1.08226669342974,1.04737920493518,1.03675603054457,1.0033325286736,1.00593875694697,0.959864322999379,0.781725962533163,1.04657661712938,1.01377916032362,1.007425027494,1.07525819037176,1.07835969594773,1.04319640883772,1.00638932206307,1.00308670900773,0.970990987497652,0.793435403381356,1.21277690952103,1.18096535470483,1.07889308465264,1.05561700302227,1.02826729008979,1.02775716853493,0.972393241847865,0.759919612267663
65,0.988513789562787,0.99448625350985,0.995233859264205,0.993616482231089,0.9928328065976,0.991864224655628,0.989649084298376,0.986366953569126,0.993271002598358,1.01294557078226,0.9737049741535,0.98874837775712,0.990229679372882,0.987442603407675,0.996465404329938,1.0658235139144,1.00106801343289,1.00505079177564,1.00501563189572,1.00513188428647,1.0033022757323,1.00220868846372,1.00148612434032,0.998648405080226,1.00528454864712,1.02931686099608,1.02968979797017,0.980364959940227,0.994738426583881,0.999104041006331,0.994648412761188,1.010826854973,1.11075844141151,1.00105066331299,0.757671510652412,0.994794984489721,0.994249118582895,0.994781449289917,0.999390329027789,1.01557718349674,1.01746328194177,0.987049240431427,0.98994540652966,1.00207218624145,1.00028213924743,0.997078337662911,1.00004637963734,1.00967367116469,1.09682149469637,1.02858253614591,1.06764301083138,1.06091810318453,1.0001782196727,0.999954491460048,1.0114736173831,1.01431320256088,1.01095391666424,1.01976327924998,1.09747991775704,0.868579514016786,0.936117242932026,0.980562960525924,0.987096368433624,0.982522349974343,0.989421354519723,1.00374810218125,1.09818778927066
64,0.985184526863471,0.983152389682293,0.981510357902885,0.982412722393639,0.983382682601433,0.984061902579579,0.985929913601946,0.987624022837107,0.989203822375713,0.986322189593874,0.999055203017087,0.997743861496431,0.998527667643421,0.999342904864964,0.99838992693297,0.97248016023532,0.996833398858309,0.994688781181011,0.995518987684829,0.995217771725395,0.995280750056417,0.995602258040343,0.995260858345231,0.997896735069156,0.995931241267613,0.99597319630837,0.994001536859888,1.01222273289209,1.01297131364067,1.00878264494459,1.01030273354135,1.00285495603527,0.969120326577182,0.999605640978082,1.06888683844945,1.00431120052371,1.00272681031501,1.00624531348164,1.00464596214195,1.00190097874197,1.00457922895944,1.01317699999946,1.01440408110029,1.01616253163831,1.0138170427655,1.01444895329865,1.01401384393715,1.00888932522594,0.977576245662452,0.994440815993047,0.990135606718555,0.991224048668448,1.00575313015578,1.01021553612134,1.00829060920035,1.0084604706106,1.0088986813631,1.00546559548086,0.977201927457026,1.05955062338261,1.04100767153972,1.02303064527152,1.01951854241074,1.0189423221722,1.01797929637498,1.01092310575238,0.974640189272442
62,0.95313743142954,0.958769827423582,0.976649215915652,0.985537659339971,0.996667241596766,0.994243875803936,0.986933621877109,0.986875987612889,0.989910635606398,0.999145926623925,0.976392919564838,0.979930489890108,0.980116075045115,0.971438147121858,0.954086578856177,0.990926674896855,1.06726396849126,1.03311091239195,1.03718275066427,1.03790644494365,0.997292744268474,0.994010791818649,1.00148741423489,0.999170075383738,1.03730620148799,1.00521333611806,1.04031082812653,0.991328666584369,1.01668304706802,1.0085307403876,1.0122682359203,1.02037425698091,1.03893713479407,0.993847632022692,1.03326497780644,0.984050987583789,0.991023285705541,0.983980959881052,0.985626789817677,0.994646960573182,0.98687107441927,0.991754242171802,0.989997368861364,0.983437175087643,0.982718260566826,0.955289820730594,0.962116600133985,0.948159785592077,0.979374608484968,1.00812997527433,0.997982559871834,0.986068282505894,0.993133874009772,0.979401124719985,0.964505278793089,0.950009332694923,0.950650958125887,0.944642002403931,0.970852813027384,0.944666567483406,0.975658323158441,0.979138505354464,0.984776460744277,0.960118280514568,0.967625562720557,0.956744411201125,0.985916596810335
61,1.01511984286031,1.02045851656164,1.01855875747396,1.01949218669051,1.01611211404628,1.01428707114281,1.00866206086287,1.0009173769175,0.997578294079997,1.00604921490217,0.973295929125636,0.995249836611015,1.02623316263037,1.0326370944431,1.06906013818328,1.3303307984928,1.01875689792479,1.00789995557808,1.00869454523827,1.00682426753553,1.00425234791283,1.00107957167705,0.998352006278511,0.994068099431071,0.988693631083816,1.00139582541084,1.00105978950545,0.940072218732702,0.953253901394977,0.992380729151953,0.996966907588379,1.04917126992542,1.43509967965272,1.01035584500589,0.76633009285112,0.992847499746286,0.995776819600823,0.98916003166998,0.986952090720901,0.994015953722373,0.997326992463756,0.964930092227652,0.954489693601092,0.981085127290096,1.00343741581974,1.00837656297416,1.01367805962948,1.057891584954,1.37329632826042,0.996974563630372,1.01898078623339,1.01507486518273,0.96499077941981,0.948568005383927,0.9783629584241,1.00646560177111,1.01137741810956,1.04435121431575,1.35292532971297,0.829707957908126,0.86790826337253,0.953818831915732,0.982380015288822,0.984754370214934,0.994626663223382,1.04596650482539,1.42189228396183
58,0.993381324026284,1.00316027991308,1.00697129345129,1.00635236327762,1.00381456623867,1.00219892253534,0.999613235667939,0.997067136146168,1.00502507428818,1.0282922239211,0.987358966157635,1.00681867976184,1.00969055109782,1.00808787018485,1.02485233396627,1.12744332120582,1.00427405175606,0.996022114065324,0.997103292003413,0.993678704842908,0.993176944547812,0.991509672992208,0.990487008266693,0.988009925306973,0.993851378369138,1.02371414864966,1.02333220827257,0.967235816275414,0.986812331319008,0.996005758551069,0.99099500666734,1.01389650245507,1.16451520051473,0.997636392379931,1.02014935749252,0.98776912988367,0.987211664183613,0.990584542112488,0.994267390813046,1.01161081774354,1.01458418665179,0.981988397847515,0.981196543183884,0.99601278169143,0.999718321234682,0.995116931467363,0.998869439384033,1.01545477710231,1.14447362531675,1.02884669665312,1.07977910443413,1.06959681331154,0.997787603738303,1.00052396426778,1.01903615898965,1.02176999893863,1.01840078975632,1.03188817440089,1.15050107943553,0.846826871155259,0.919189366473271,0.979573988072556,0.986152102125558,0.979957346561296,0.988312707349043,1.01023026573401,1.15496089530957
57,1.01014345246455,1.01432980635355,1.01066116874903,1.01061008512831,1.01079522366887,1.01108719428754,1.01077106374607,1.01143122166029,1.01503322259904,1.01296616322904,1.01638831914238,1.01699540286185,1.01984622193686,1.02029043620528,1.02023344206934,1.01435487982856,0.999564953138914,1.00109562527742,1.00158254863803,1.00174015267505,1.00119928365667,1.00055341374685,1.0009098099582,1.00066873677351,1.00173468076025,1.00415088230877,1.00476713150584,1.00522920920771,1.00642160404346,1.00832047661025,1.008149455425,1.00681177057521,0.995209607884344,1.00284201607256,1.00055446356257,1.00460725375395,1.00650919656945,1.00501266149305,1.00477258251388,1.00527043662026,1.0060879312168,1.00349582120885,1.00856487039941,1.01078224761923,1.01368013583603,1.01351492831645,1.01447992544935,1.01149724412963,1.00195740311718,1.00058717251848,1.00030465602019,1.00368924837319,1.0034879525153,1.00664589403729,1.00390896044758,1.00518490005533,1.00634405030003,1.00465488443431,0.992983239183448,1.0104515234835,1.01196072107395,1.00843434407189,1.00776259163557,1.0093661935162,1.00943710688512,1.00684910252083,0.995523007575971
56,1.01307343118801,1.01891331344942,1.01362574259531,1.01470685075729,1.01270637235954,1.01389495746931,1.01426423341829,1.01421441938957,1.01126339889319,1.00914472267234,1.02734146245416,1.02508915743596,1.02280893251729,1.02059620887163,1.01467570647972,0.960609460084375,1.00266951696721,1.00554332021172,1.00627670244296,1.00721577019214,1.00930420622158,1.00916749326312,1.00898335498919,1.01022329024541,1.00806208029226,1.00354639058105,1.00453185105803,1.02984328603281,1.02819564501153,1.02191542236689,1.0222549402115,1.00970355482193,0.938414028082017,1.0023485769412,1.0254684450862,1.0091705540942,1.00934734019998,1.01347075748823,1.01192409434311,1.00910397822972,1.01217100808454,1.02274859348196,1.02644292876558,1.0190618109402,1.01801849593278,1.02070900261596,1.01975893655853,1.01067720104768,0.949499125202393,1.00240715652894,0.987046996051026,0.990134596273082,1.0167936573278,1.02032763793432,1.0169453085637,1.01521500235846,1.01508470475824,1.00842795078147,0.949174695781264,1.09627521205429,1.06389017276577,1.03237805261604,1.02493545656163,1.02649548760421,1.02486315396994,1.01212740180426,0.942442226792474
54,0.934974249050133,0.950189329175563,0.968035556830347,0.97740714554631,0.988606228822048,0.989161972701071,0.984486841824331,0.987790639228837,0.989048363092541,1.0016715026552,1.00739132049907,1.00885440347991,1.0040202447016,0.996045202195071,0.96655834855696,0.913455391780194,1.08343503852098,1.03532152954402,1.0443939920377,1.0403819773991,1.00240838809558,0.99944275590891,1.00654072611779,1.00741875841863,1.04993276773688,1.01580006992752,1.05551706252019,1.04257609078757,1.07110808933776,1.0500941257175,1.05198859403903,1.0346744713245,0.925907920570977,1.00201457457036,1.25899127060784,0.996615141783785,1.00616650881802,1.008574139565,1.00840938412839,1.01109455345832,1.0093182269434,1.03235156298131,1.04310487569896,1.02843418417332,1.02106225224132,0.992463627215061,0.997227514459575,0.968861464713797,0.894390950481361,1.03667391257177,1.02093861446892,1.01268438224409,1.05038804874721,1.04195118403307,1.02602009022533,1.00217348888152,1.00049607258495,0.981531254022894,0.905026411040199,1.09048294131348,1.0931958884177,1.0456276374689,1.03710816645593,1.01007391258662,1.01438143058568,0.981223678915386,0.889490124478781
53,1.02685942283246,1.04137218213941,1.03442221944987,1.03314666072286,1.03072049928266,1.03006568107481,1.0252193312228,1.02113751137857,1.02287468971628,1.03654157032144,1.00674428681968,1.02667307930111,1.04295115095873,1.04379077295849,1.06902382638689,1.25458414492555,1.01238251789276,1.00996384481,1.0110884994724,1.01075673070201,1.00883773173202,1.0055548238985,1.00356185803596,0.999939429786745,0.99882502962991,1.01621599528985,1.01733176437584,0.9669097695782,0.976216925640458,0.999613635190678,0.999843922062436,1.03762161560721,1.30373919146184,1.00614040203543,0.810383708797063,0.99078796670251,0.99237703566594,0.995007106232537,0.994319514044222,1.00387054403653,1.00748491537846,0.97959036130414,0.972424800441301,0.989935174181401,1.0028579903405,1.0040579388212,1.0088560276164,1.03847415254118,1.25696210458451,1.00287044069155,1.0275218388906,1.02697848981795,0.985298173008345,0.971003414725082,0.994544079596704,1.00741125669673,1.00844446420096,1.03129840746582,1.24323637896265,0.877600333217883,0.912489202756053,0.981752818382087,0.997143808564225,0.997377302697682,1.00651587092432,1.04376766357257,1.30001726809696
52,0.945391098583375,0.949794817579745,0.967610354286574,0.975647084430831,0.988173130984211,0.985155573787521,0.977452643564226,0.977209665951064,0.978238651189933,0.982099453733851,0.969682552099107,0.965724056328404,0.962677309601344,0.954605114869783,0.930721574233185,0.912113567224053,1.05571909876142,1.02430145310991,1.03049684148701,1.0315531574589,0.993044656232383,0.989532223522975,0.996648353036551,0.994735342971815,1.03433147644157,0.993822003681042,1.02963560861617,0.998349746056799,1.01836916256437,1.00411774296873,1.0070389886399,0.999761038852625,0.941966531029335,0.980439737615751,1.33918470969554,0.975313522283987,0.98486215669746,0.97875641584948,0.979377999356253,0.989607623729955,0.982686338367349,0.988229754095405,0.995646496646643,0.978939715656717,0.975862746731618,0.950268730190234,0.955076469294208,0.933762006767024,0.904387624623187,0.99683762584186,0.978204688965039,0.970131600171903,0.985714877984157,0.977394878797586,0.9622701890037,0.942298176059476,0.942684815970174,0.928911574899364,0.896486138334531,0.976726319745503,0.990504981503237,0.967089266178556,0.967457982444827,0.945088993891157,0.948783940752523,0.926032083007228,0.889027254524721
50,1.08477118903355,1.0513175451461,1.04272710056661,1.04750636308275,1.03683287815576,1.04353299693903,1.02662102102548,1.04201592438883,1.02541333504383,1.00501142549111,1.03335835945883,1.00898693422011,1.01327226282728,1.01938588423112,1.01318699540179,0.987884863422756,1.01477338475886,1.01031683297973,1.00029020277994,1.00842207546912,1.01518315575621,1.00594522876871,1.01392938107494,1.01606115274095,1.0156841328247,0.975725683030381,0.973428106647237,1.00809089550529,0.987838549011784,0.991248714757621,0.999112874113798,0.992090478124613,0.961135401740398,0.9849322396018,0.875356026040165,0.980293121120542,0.981354114995344,0.980753821848055,0.960535747288529,0.953535844153373,0.946280763758178,0.98042311958218,0.962344487089369,0.953690729974548,0.95738482563315,0.963404745943554,0.958927311671949,0.953550816943148,0.936852256243092,0.949834308523672,0.906976486473824,0.91304977084888,0.976227459553705,0.972698692989532,0.961493480641513,0.950854392466522,0.957272043064604,0.953503473031569,0.947797721277407,1.09621654676876,1.01288665311541,0.985282707989653,0.994357651932228,0.991156528436243,0.981197703541545,0.987461172950834,0.964509016757635
47,0.984789271487128,0.977054299789036,0.984407389649806,0.984454042566756,0.985808180445922,0.987710832954222,0.991591766675412,0.994527666127159,0.993503413209262,0.980077151556183,1.01074031720991,0.99599706657309,0.989917331470391,0.989405630479619,0.972886081104643,0.873898024495843,0.979515588523527,0.985115715752558,0.985598737578089,0.986148107557057,0.985741219585776,0.987783937079446,0.989257405779185,0.990766652033812,0.992277281212097,0.977692425025377,0.978570312150816,1.02230052066789,1.01590973562735,1.00204981695871,1.00325593481861,0.978338729438494,0.834121611484428,0.980370306120924,0.96553091532913,0.997887099095419,0.998634874658997,0.996368229358744,0.9971398574083,0.987041809295544,0.988042384214257,1.01068178367974,1.01522723453215,1.00304750457636,1.00224129626246,1.00187556126959,0.999200939006972,0.977674883675488,0.854176229168321,0.985719785063046,0.962348406812359,0.962874549246784,1.00381561237924,1.01444592223214,0.996407139099636,0.989158299160881,0.989078642841294,0.973156803746749,0.852512185844236,1.13321531252699,1.08337947677616,1.02451794025146,1.01271391998515,1.01638300202852,1.00980742345623,0.983965157371046,0.839614354997565
46,1.00339249848518,0.997083236321068,0.996087298442356,0.994722400352129,0.994906263465345,0.994815807815783,0.992760694437806,0.991948691783121,0.993342810577351,1.00709786418127,0.974691754889317,0.982352459000069,0.983949283261812,0.981128919757679,0.984598466391765,1.01169678325465,1.00121573123139,0.99762979379915,0.995630171274651,0.996839991032389,0.997990469733617,0.997921089683673,0.998565884591141,0.995654240656946,1.0023863099346,1.01915773339561,1.01722513534864,0.981941615791161,0.990469349898177,0.993045428207534,0.988811951330413,0.996571261994376,1.04300220402412,1.00995293567455,0.954988604087303,0.996244752512359,0.995587319900896,0.99507481753077,0.996927183439985,1.01186721503756,1.00961528577518,0.9811472025101,0.987151562556376,0.992737460485858,0.985243521912964,0.991333993174108,0.994207063205512,0.998731698029886,1.04334778056372,1.02179312002214,1.05387023466772,1.04436446247153,0.997214647031662,0.998227763741287,1.00452388148705,1.00680193770522,1.00345585775724,1.00811951973773,1.04706688857962,0.884283768687228,0.943746928456762,0.969738568758506,0.971963264413622,0.972896611457517,0.976760662008645,0.983561288712389,1.03694584663988
44,0.970810957333588,0.972971858476279,0.998408000606461,1.00605902394485,1.01597368860841,1.01459408532556,0.994356496456574,1.00634658461521,1.02145224943853,1.006453833794,1.00740568641771,1.02094400731329,1.02580511513227,1.01494425123312,0.997106157015756,1.01216808377836,1.07113041714325,1.04037651225528,1.04765246558779,1.04478788537192,1.00618011281731,1.00115180407128,1.00736770224819,1.00501994111885,1.03532419324703,1.0198628165287,1.05648111897997,1.02864564652281,1.05662828847107,1.03763023304047,1.04879666835189,1.04329819332945,1.03551574283383,1.00239606259579,1.0524725858787,0.996704331271581,1.00336275658234,0.990862589506109,1.01199347424456,1.01601776082071,1.01279269645919,1.01822062586507,1.03120135874733,1.01186114031444,1.01521716925855,0.98693602295402,0.99845085877127,0.982232179808507,0.99525500555394,1.03961936366244,1.00551478377828,0.992809289182099,1.04575768549608,1.02625221293559,1.0218869518165,0.997426450794229,0.988507159781906,0.984382955198761,0.995753189312251,1.02164048168262,1.03237861545075,1.0272039812209,1.0100474394163,0.993744702793017,0.994025148831023,0.98022190295967,0.986145861696209
43,0.973398153959879,0.970015666783173,0.971624731789589,0.987648632893078,0.992530205139897,0.987101656454976,0.970795534981305,0.988566512492235,0.979447014113954,0.973022934778945,0.971414840367126,0.973756605034262,0.98571662320474,0.992666832105541,1.00036030372037,1.10760342004141,0.974215048450445,0.987532383385901,0.994882575202298,0.995850831985226,0.984773819531797,0.984458175344642,0.976046197623284,0.983469632282849,0.970692472288943,0.969261552511691,0.98051272883392,0.972749682101586,0.966601592190619,0.981075090332788,0.983399790463724,1.00087777671402,1.12828314401484,0.988158220256997,0.988026379341636,0.998708425502613,1.01266581679394,1.00149884310877,0.99915809848714,0.999626059053148,0.988680109707599,0.984012616627752,0.976699570812991,1.00311010731651,0.998078961643556,1.00138076066023,0.997791712956095,1.01371718892317,1.11195037550618,0.969750963313715,0.959620232358826,0.966809229524142,0.975316669292899,0.953995739622018,0.974891700644749,0.98196690724629,0.97846622110298,0.984496828569443,1.09155785317404,0.967340148743124,0.958671182136839,0.987935202580294,0.993161843339902,0.999331614365967,1.0017864025787,1.01906617113675,1.13299391757082
42,0.965549773934833,0.993714962564008,0.99917431329239,1.01331312025855,1.03610351304447,1.02823267593323,1.01216958315246,1.02236387066115,1.03072423178315,1.03057221648274,1.04566475104089,1.02743549753442,1.01997569085436,1.008455663914,0.985746364264412,0.927469989864752,1.07841997758365,1.03420350646406,1.04213669278903,1.05141858802338,1.00346762215303,0.999225779927238,1.00649834624203,1.00430229834973,1.04693420134764,1.01103199864526,1.03224039882723,1.03337060717322,1.04898818555724,1.02888606625886,1.03143470967142,1.01543670109996,0.925421732958599,1.00228140269481,1.08157871237447,0.993590059479715,0.993261546950813,1.00399361682305,1.01456953135501,1.00732344650189,1.01335300238507,1.01299932941571,1.03040075318555,1.02190898605677,0.999622960695624,0.981297495975052,0.987250575117798,0.957389631486049,0.9003927088791,1.01519251241554,1.01007169333971,0.992294188983092,1.04312292914591,1.01778590219594,1.00465714518451,0.975027360145372,0.976980132099227,0.962116472500775,0.898103285651799,1.06947115988326,1.05888028421623,1.02668088368053,1.02332909021342,0.995073310593503,1.00348078101663,0.969137865588222,0.901580177048166
40,0.952907307882379,0.959906047539131,0.983922187007102,0.993665842737291,1.00542014568356,1.00229531201959,0.991344273291223,0.989668731857298,0.996929107549073,1.02128931980198,0.961082691819598,0.973843397709892,0.974525138154546,0.966381105045402,0.959625468474521,1.06046917673499,1.07396416205376,1.02878389064762,1.03408616855349,1.03302246458047,0.993533717648751,0.988926516476421,0.995319775559747,0.99140925312909,1.03761066415323,1.02177992831383,1.05702089125652,0.956315082348222,0.991730241664537,0.992536205225528,0.991512471208984,1.01653821529996,1.15250181704556,1.00076199249638,1.23316200647804,0.980270749408274,0.991027413228461,0.982588313466684,0.986162868749362,1.00961598117818,1.00595802096678,0.973660633090131,0.972644794503711,0.973624213732496,0.974855917427245,0.940707399523408,0.950308694010689,0.953937626246978,1.07343817992564,1.05212005642592,1.08023322247907,1.06109013464996,1.00042184949837,0.981649071565936,0.984581744115469,0.973008626903294,0.970279617076674,0.97545806703887,1.08798911771219,0.815729003508191,0.901514081773532,0.952098334154137,0.966774737817705,0.936485550538456,0.949846009753154,0.957951733248864,1.10112248167627
39,1.02026362206901,1.0207759368257,1.01479279399095,1.0134367799728,1.01212043529422,1.01242313932217,1.01169428523701,1.01358230046585,1.01352700750726,1.01232900384154,1.01593384081427,1.01072040411358,1.00450271441996,1.00191209982575,0.99456927341198,0.938953598902127,1.01329615753684,1.00408276229012,1.00296563207556,1.00367585031931,1.00609716929127,1.00627701749344,1.00780375305656,1.0088584963813,1.00842060902448,1.00923092964014,1.00596219575489,1.01937031724399,1.01656396225581,1.00765879414071,1.00653635484442,0.994846847006551,0.919255911302554,1.00263724210139,1.1548258760622,1.00475347542038,1.0045637448672,1.00730429456662,1.0050140925141,1.00723104966448,1.00232566852355,1.00965051472084,1.0092674933163,1.00651831495954,0.998888080036419,0.998559649398906,0.997739395454267,0.986952971509368,0.927584506787513,1.00533558014265,1.00418841537154,1.00424202708281,1.01201656958251,1.01850639701022,1.00855075268305,1.00530997980493,1.00446108036023,0.996932478370836,0.93506787728123,1.03932702637524,1.03339976112428,1.0096459224756,1.00099232905968,1.00366428875341,1.00101544001095,0.988227845302113,0.918759062142966
38,1.00886954149663,1.01771925050605,1.01375955472113,1.01327702073729,1.01220429121442,1.01191184799984,1.01220812562188,1.0108407555686,1.00997551817885,1.01580425439704,1.01727616490751,1.02336194844882,1.02549546394702,1.02484601403853,1.02887163776802,1.04762551350952,1.00940551298274,1.01204613104957,1.01353545536973,1.01333804294167,1.01424337728317,1.0131688737616,1.01076720483419,1.01083305642429,1.01013781119136,1.01342539539966,1.01374124973235,1.01218052679202,1.01763237584353,1.01950246088936,1.01964471303572,1.02377347612989,1.05233474249544,1.01129509009606,0.765212322698309,1.00741361995342,1.01240177103742,1.01479481741455,1.01634775561525,1.01655233677252,1.01963292103882,1.01791550780713,1.021471309579,1.02116870090077,1.02213530549986,1.02325660500216,1.02534069980309,1.03032691880007,1.05370768128089,1.00204631691887,1.00187615277349,1.00424287712311,1.00829456223454,1.00732927335356,1.01191591440695,1.01240505449933,1.01321946009218,1.01679613202135,1.03949297738461,1.01721932666317,1.01379581796327,1.02289177103122,1.02127698121504,1.01749619356191,1.02002063941638,1.0248016491663,1.04912001545204
37,0.961843753803083,0.962738297751151,0.983515352160205,0.993486887189866,1.00669093189851,1.00566306915506,1.00267887985978,1.00599398683255,1.01032692961779,1.00618485978816,1.02081213856415,1.00989881757083,0.997633099150563,0.991960993098019,0.953339996518217,0.871356526232566,1.0748194321939,1.03093702780768,1.03712450163464,1.0357582450572,0.998271163841041,0.995527165083781,1.00363803847706,1.00605081592594,1.0458338582635,0.997241931579121,1.03740620665964,1.04252735799346,1.05890954086629,1.0327615148934,1.03759920513196,1.01352281447295,0.860104186093643,0.997546583055946,1.44342090980062,1.00333708786114,1.00795731827349,1.00513893125,1.00438440515924,1.00376317267951,0.997752243936275,1.03129719817413,1.03809725346142,1.01329625219877,1.00598055844873,0.977161622259642,0.980754002618916,0.946789787850678,0.838883426850077,1.02433281320839,0.995127696311641,0.984060295312554,1.04058620108012,1.03172599881952,1.0084210479911,0.979727586874893,0.979104786061615,0.956252222392827,0.848297723985243,1.1347032737619,1.10754518470653,1.03625789021902,1.02642570239444,1.00202898558232,1.00237960128805,0.962328196638611,0.832857931182572
36,0.978171862292802,0.993214434362393,0.99555615920448,0.995261409919586,0.993599831682208,0.99453084069988,0.994390716231031,0.993632675915481,0.995272694459684,1.00143561593821,1.00280912094593,1.0093626512759,1.01032835933774,1.00885599596012,1.00997570928811,1.0117330911668,1.00793263525558,1.00399693248252,1.00544322202355,1.0047967875732,1.00487926406951,1.00514203841445,1.00383424432934,1.00316557011394,1.00397336438469,1.01043171959898,1.00992057987992,1.0097568737394,1.01459664635365,1.01459353273878,1.01373579084474,1.01445364095603,1.01662323601084,1.00562900948825,1.03967182339316,1.00988744354962,1.00915499802552,1.01642875497392,1.01418394790994,1.01544908431009,1.01390049615723,1.0057500689805,1.00723006648933,1.00852541417107,1.00894503178887,1.00771350312947,1.00867674078176,1.01063629380913,1.01705055536251,1.02480419908733,1.02295692316298,1.02624178926799,1.02118923185695,1.02290150845006,1.02417297539951,1.02979797553183,1.02872111382819,1.03000827953877,1.03114272703303,1.03321907459021,1.02935530612306,1.02655642158999,1.02575929673976,1.02384121887142,1.02603174092042,1.02450238065822,1.0216522537289
34,0.999427092011395,1.00392376010897,1.00349192180461,1.00214079107207,1.00232441571488,1.00211308805379,1.00193854696778,1.00081001495365,1.00358769739647,1.01241704607882,1.00801813014912,1.01602687295267,1.02053978650511,1.02032781342019,1.02200641767521,1.03075725102024,1.01461426254386,1.00826543810696,1.0101051713299,1.01195696603001,1.01107222046584,1.01065984786327,1.00893843310812,1.009055026368,1.0104487909301,1.02072874687615,1.0211183320596,1.01668364008903,1.02517722996074,1.02388863032957,1.02169035543466,1.02479212804112,1.04845846239352,1.00765976046432,0.969557769614321,1.00583603906348,1.00928939601617,1.01263999200964,1.01309119599608,1.01695049679279,1.02139627697854,1.01551635038164,1.01833857027496,1.02379082542132,1.02433078678506,1.02372438304266,1.02506494324461,1.02750087605891,1.04418175198765,1.02170830671457,1.03046013803682,1.03022565775268,1.01847877387109,1.02036013270542,1.03286942189685,1.03060462673426,1.0283159113272,1.03062012611656,1.04534274299518,0.999480924109369,1.01251422122452,1.02325965558706,1.0189519611938,1.01688935391461,1.01870153106569,1.02104570689641,1.03564304891434
33,0.94761592885197,0.948319562902961,0.969210767436573,0.978361516116136,0.993043426253039,0.9919089156073,0.985035940970541,0.986336602478772,0.983952413907808,0.980003443934913,0.979692370337397,0.970345316245673,0.965328564224691,0.958364374473566,0.933456821879302,0.916585200319899,1.06113429449405,1.03232278148275,1.03636103405842,1.03595348997428,0.999367925789421,0.996765311035309,1.00631945047191,1.00397744518656,1.04310698913488,0.99220273699345,1.02441678013581,1.00696011892309,1.02159346536588,1.00823043214536,1.01418740789774,1.00608073784139,0.946280720420041,0.999730037338891,1.04987304685267,0.995323621519861,1.00270098876609,0.995998146345206,0.992742155220575,0.995939484601834,0.986731816045477,1.00583199402942,1.00392001126331,0.98478338754567,0.985958158584771,0.957761387301888,0.962984050415444,0.94234068786323,0.90958968128017,1.00908727213546,0.978611180762035,0.968294795112838,1.00490834826123,0.987916304825204,0.964538892917775,0.948445041051018,0.949724228259694,0.93681224918513,0.906825667792349,1.040636240086,1.02587284016133,0.988659360360393,0.991187922429146,0.969950529489062,0.971806533405674,0.949770014314704,0.909937734931555
32,1.00712525583716,1.01742258979643,1.00846023023341,1.01007715659348,1.00568714790197,1.00553791252018,1.00345233660826,1.00201777406319,1.00668371142873,1.02638185011283,1.00459988006583,1.01739313365108,1.01737412244271,1.01711808840358,1.02580571923198,1.08299818352396,0.977959668801479,1.00269678617921,1.00324697992296,1.00098105146782,1.00059239629363,0.999207968796273,0.995779855336676,0.995770071013916,0.997593421287947,1.02098009097613,1.02178516330987,0.989127256066363,1.00202325310658,1.00507671344006,1.00130132569616,1.01359828528306,1.09566526980461,1.00380188399964,1.4148422088859,0.985105703816363,0.983234258842137,0.989727176651783,0.994022386032906,1.00645195595474,1.01438831170323,0.991420303125656,0.99844128334919,1.0049251135682,1.00280701909771,1.0026509972187,1.00448321328782,1.01635256971694,1.08612500746773,1.01499109445051,1.04478335697128,1.04269859301458,1.00513587733913,1.0072412658542,1.01494052650521,1.01848903925739,1.0177726331041,1.02496198002106,1.08830296135633,0.914622205809239,0.964795520535374,0.994974873442154,0.996283977882231,0.992895638115109,0.999856860666922,1.01165473389735,1.08158857428401
30,0.974800398124239,0.986454330730017,1.00759877532908,1.01696944915891,1.02726686887868,1.02634396326479,1.01851934628958,1.02003447475132,1.0218842444228,1.031537416171,1.01871737980601,1.02291413335749,1.02094265903057,1.01219578857714,0.991477800684507,1.00716064002961,1.09081205795259,1.04964832504146,1.05888578734856,1.05649003764572,1.01819170071119,1.01494065903313,1.02149098833184,1.01917589117056,1.0613849265025,1.02810204768404,1.06389997925259,1.024210652631,1.05038239712214,1.03824697860466,1.04132144228866,1.04063352155208,1.03163572579226,1.0136476275276,1.08259822925545,1.01151001402662,1.02139493374905,1.01677640245483,1.01421081731089,1.02487252030995,1.02087082704356,1.02796133968426,1.02886327407582,1.02294371462168,1.02034508890555,0.988533484313714,0.99558261163178,0.978955162760913,0.987088796552931,1.03842189111004,1.03180855767509,1.01948516035538,1.03116700425925,1.01814936758301,1.00585559538337,0.986887921217993,0.986077385797266,0.978007997635982,0.981758092207396,1.00610834301691,1.02901626568568,1.01816788664696,1.01727182860019,0.992057618646753,0.998361902284957,0.981725694598157,0.983379592061462
29,1.01328329717585,1.02078811012444,1.0122218882475,1.01934447222205,1.02094918413042,1.01960096967053,1.03135048398634,1.02965981797705,1.01995835937335,1.01199701940446,1.02490487675897,1.01988496549484,1.03900220330647,1.0323140095473,1.03841857341535,1.05485240389082,1.01236888271424,1.0100423788408,1.01840215829627,1.00903593430711,1.00854492063405,0.999261345247875,1.00671370683666,1.00412232182291,1.00850483335848,1.00921414660483,1.02261569289747,1.00873253762116,1.00278975279317,1.01101375797586,1.01641643344445,1.01498396014896,1.04827371423966,1.01966846005824,1.05107570190079,1.00940149231647,1.00560507513853,1.00889664160697,1.02223346051997,1.01967128228108,1.02767526281459,1.00587514299855,1.03296005299455,1.00590469646085,1.0092070689028,1.02706125105976,1.02538168661793,1.0335351804342,1.05582035542617,1.01799250166415,1.01244548402238,1.01385839591339,1.03740790101969,1.01888904036312,1.02512929475024,1.01802683869571,1.0170124969066,1.02052038423883,1.05178988355881,1.0563271640968,1.03348042640783,1.0347292210583,1.0481070918187,1.04849180272178,1.03832239953293,1.04469130540077,1.06634204346578
28,0.949919763777138,0.949779877186281,0.965976712333761,0.977020556630033,0.98788518255712,0.985749228713849,0.977914199043995,0.976979099235513,0.979044581607865,0.984388565961078,0.96029471296762,0.960696716328882,0.961163525144603,0.954779029696237,0.936220553907315,0.981540339286698,1.06067610310887,1.03514140249232,1.04111311009329,1.03928346830775,1.00001029489943,0.997688307356366,1.00463329862314,1.00175712243643,1.04028523051123,1.00598749051723,1.03765096706763,0.983927440068371,1.0069519229125,1.00055573134601,1.00443194026119,1.01030484216585,1.04066031748727,0.987043451552702,1.15907235955527,0.984541918047452,0.993288473083082,0.984685114640325,0.98290161927914,0.995826346766146,0.992382888098855,0.988212876765735,0.989759063886551,0.98071503886854,0.978579976636541,0.952735847875894,0.95864622401463,0.947221811277628,0.98637921586979,1.00897436140151,0.999250286251915,0.986525345814334,0.984465187560055,0.966114609751848,0.955506009180344,0.940613549260864,0.938798240971036,0.933115684665479,0.968752014219266,0.920044096250025,0.953020349761728,0.957477992901119,0.966770258184692,0.942723807457482,0.948615461337051,0.939872269785252,0.976336954522029
26,0.971186717550704,0.982539521036188,0.992510727372313,0.999650565787328,1.01244129833144,1.00982717032565,1.00022627146604,1.00007659345614,0.995836508334827,1.00974279726841,0.991328853954172,0.993274221462931,0.989277738359448,0.981609985715504,0.963640285491946,0.994485432786726,1.08559368845399,1.04872734381743,1.05640606392244,1.05591255173677,1.01822656404758,1.01345857095014,1.0192922960859,1.01743091611614,1.05627587045065,1.02152540907114,1.05483871003918,1.00855403618282,1.02995346359919,1.02166501857411,1.02508296883185,1.03069568912294,1.04797462069763,1.00367292978924,0.800995926797086,0.992520688850824,1.00088771561704,1.00232918903983,1.00071837948896,1.00868998201928,1.00547080221906,1.00681680420183,1.00723933367156,0.990409636885153,0.990833919180289,0.96189534162164,0.967697711602167,0.956315808482219,0.986224198018912,1.02362711676856,1.01521430348261,1.00252202445934,1.00826692347766,0.992355693269282,0.97996966136454,0.96494226794817,0.964179152776959,0.958206567773426,0.986491002855688,0.966539595963208,0.988620587162548,0.985092703319946,0.988385016884751,0.96435659006109,0.971147941573141,0.959266756988433,0.989410092234325
24,0.998751803947765,1.01686669202,1.00932639631808,1.00838597724246,1.00706231172801,1.00560956150457,1.00501029711763,1.00366695262867,1.00935019731146,1.03550261437763,1.004173200365,1.0253746564101,1.02795330389044,1.02435503979089,1.03665148572673,1.10974673595693,1.0151751775984,1.00762218751924,1.0098697395634,1.00877424748092,1.00839320258274,1.00664484588416,1.00386029962006,1.00272367610752,1.00584471930301,1.03582503611672,1.03815751130819,0.99563931811449,1.01371475052033,1.01906122627759,1.0138321060371,1.02830713764975,1.13789260753032,1.01152892600937,1.08376046841391,1.00306946458822,1.00422390964777,1.00964409408955,1.01372748719914,1.03094305268176,1.03609249925243,1.008737379757,1.01341249070585,1.02826559057899,1.02493981598827,1.02320952463419,1.02754710245796,1.03980910718455,1.12964986390881,1.03892356894487,1.07842604194381,1.07434489780236,1.02287951460505,1.02252307128614,1.03800290313629,1.04146697341869,1.0384087522274,1.04699102061517,1.12813565012674,0.917143886277559,0.982371556441982,1.02936286032383,1.03146588499142,1.02482713991173,1.03304642979084,1.04665527412713,1.14421962224841
22,1.02964375054566,1.01669792651274,1.00365200378927,1.00095098777412,1.01942821798975,1.00471094106943,1.00947775828129,1.01821671690311,0.996584622244281,0.988213939910865,1.0103175601989,0.992466082132973,0.998094492619052,0.992252109620653,0.984692044566894,0.992871614350756,1.01003058579675,1.0173779836075,1.00272536841166,1.00397243720067,1.00341285455822,1.00300303308404,1.00348426369263,1.00210310089189,0.992875289514543,0.995113729311527,0.987206573143088,0.999048825658308,0.989945279586072,0.992038051773382,0.994799009197121,0.99224504865221,0.990542303474041,0.996861047639127,1.33418903635969,1.00101143112125,0.99403100069071,0.982362144963443,0.981892266525488,0.977038607513334,0.976400250194254,0.974059957400703,0.973622742142948,0.961733922276561,0.978139541156448,0.980535346977701,0.978860782509293,0.975179314774811,0.972784787445594,0.984526059859838,0.965803048928306,0.96555711403374,0.964960239958127,0.978491523717474,0.967110022032551,0.980088398228065,0.977953444197223,0.97909489579969,0.971001750654042,1.00066149612313,0.983920845958985,0.97003331526622,0.983381140307466,0.978541120767331,0.973938967772847,0.97501444661252,0.973599308146428
21,1.014986206242,1.0168672679649,1.01948203740336,1.01938065532357,1.0190035311722,1.01871026432592,1.0186882009022,1.01785324705675,1.01949472124065,1.01663755706137,1.01652121269306,1.0139900292268,1.01293903388303,1.01211931487418,1.01146820573115,1.00875861155762,1.02895698505873,1.01390887058955,1.01223860316999,1.01113000062387,1.01385541851391,1.01352962033854,1.01355635441401,1.01548321398429,1.01366630614009,1.01315334802799,1.01007057682438,1.01035037939347,1.00791421777907,1.00895530985585,1.00944175430697,1.00946293030591,1.00382878922855,1.02278325132935,1.06711409307851,1.0217374109336,1.02112310629862,1.02253472501302,1.02102672605858,1.02053474052838,1.01810011275302,1.01792012255325,1.01825936294803,1.01347057414573,1.01510961441232,1.01704056595818,1.01720444247998,1.01852501035354,1.02320058659841,1.02129767350372,1.02082601543134,1.019502060612,1.02262115111949,1.01962270446512,1.01583393589101,1.01904976240132,1.02011199987588,1.02144474616916,1.0279964981927,1.02457811088074,1.02121611162581,1.0228457345912,1.02129245419088,1.02227048746418,1.02166201500354,1.02373391385696,1.03100953828541
20,1.0408267164331,1.02201092491732,1.01588743052786,1.01587726369995,1.01768543352017,1.01431211814506,1.0115373841487,1.01015777052355,1.00364982410075,0.999429370195684,0.981828691766291,0.982958530283349,0.993722111648555,0.997191429024591,1.0122643713589,1.14603189379578,1.00804964401791,0.998988170268555,0.996680377056018,0.997534047072358,0.996266682460712,0.995835998867675,0.995459817415575,0.993175322643835,0.993263429729975,0.991307986138298,0.987360346549633,0.957742834917469,0.954081365621918,0.969644833641317,0.971927535664115,0.999480239133955,1.18482377618376,0.99315548900329,1.24102036165994,0.981889984932867,0.984343028518196,0.978801221440727,0.977052234287642,0.978420055778909,0.977171121475083,0.959323661352053,0.944293826017242,0.957757645038484,0.964318991389686,0.96497141005389,0.966682002444577,0.986127247640266,1.12794418892326,0.974696299694711,0.978850824136488,0.976880912456249,0.951906515690339,0.942683012697061,0.951751157827688,0.961659536576645,0.963419974010402,0.980072121810937,1.12423676033269,0.873813828441888,0.883100875286275,0.92756989810167,0.945757444105906,0.945836720035356,0.946719452350327,0.974772471825154,1.14430063870966
19,0.952680101116169,0.985909429346447,0.986239224756609,0.984063091263548,0.98174045550732,0.984211064937725,0.986168604811001,0.984803833368457,0.992801141152233,1.01234124296767,1.00437881538929,1.02130461652213,1.02142640063225,1.02116284610997,1.02470292190585,1.0401751612082,0.995129114709647,1.00528923870579,1.00989366528298,1.00807499444733,1.0076786300872,1.0064814257479,1.00367319662055,1.00262309402027,1.00488707643105,1.02482512609747,1.03103453302981,1.01736641586458,1.02785003402509,1.03185779237756,1.02928105871274,1.03219034918518,1.05571295914099,1.01766295171602,0.806791848057215,1.00581510976433,1.00616233632956,1.02103781415454,1.02474281707743,1.03153735517534,1.03805553777962,1.03080819428671,1.03805152841328,1.04181652128512,1.03877440968911,1.04413349299908,1.04509820089674,1.04733600522231,1.07112610411866,1.03325000257859,1.05754783996486,1.06079454567519,1.03719701148895,1.04191296738119,1.05112041156361,1.05375465375552,1.05237035504291,1.0530764622255,1.06708049555515,1.01471848985702,1.04401298243796,1.05542381432272,1.05054819519727,1.05050334843459,1.05631509526879,1.05634381127194,1.07531734342439
17,0.978123621437374,0.973703537741377,0.993004411604926,0.98830505039121,0.986008992925792,0.988802646019675,0.984835890878879,0.99226026608499,0.997246054575974,0.97402443155764,0.991322726893202,1.01483592399188,0.999972457849324,1.0068243613533,1.00678149600011,0.974223797587627,0.988228734865015,0.990846733572328,0.992807803916835,0.98274733734819,0.981253882254587,0.988594801720914,0.989206072034713,0.990420416980849,0.983267127407505,0.984518986452587,0.973658348387847,1.00296782599636,1.0007629584721,0.999310735066139,0.999188716628142,0.997112996001118,0.967390463099153,0.993828177029538,0.969255768153968,0.994016346001351,0.989792733316149,0.990262260746731,0.988114165482621,0.992522829186025,0.972108667567268,1.01343597375598,1.00551794984222,1.00110406625396,1.01873202705038,1.00348984368394,1.00206232433515,0.994997077406827,0.970203037929521,0.982556661218078,0.977893899076187,0.97070674119867,0.992016410233389,0.998934245861829,1.00131951080875,0.998896837546745,1.00175661790175,0.998956790845535,0.975640469374215,1.09599187817229,1.04400108157064,1.01925790892695,1.01405790134852,1.02280986376098,1.01879585698147,1.01403652043882,0.991815725499315
16,1.02282319266823,1.02913911952016,1.03111690862359,1.02924581375758,1.0308481534521,1.03103185437965,1.03062147815471,1.02804730413783,1.02951806548656,1.02638883675152,1.02578365487141,1.02491546986548,1.02248266294333,1.02145623695902,1.02090625315192,1.01814445637622,1.00894153306789,1.00423535476759,1.00284084601526,1.00283676532619,1.00537831623243,1.00353697554422,1.00492699261085,1.00542143867228,1.00485778978851,1.00114859047884,1.0019761584949,1.00270222495736,1.00007862040229,0.999673384982224,0.99978238585474,0.998576595714635,0.987722878687861,1.00778691289469,1.0081014595021,1.00676172541853,1.00872531872724,1.00675224219461,1.00543399399128,1.00439484822775,1.00059288878761,1.00491962639213,1.00486170064755,1.0048202095544,1.00236019598365,1.00181809542144,1.0016974779772,1.00117538058898,1.00349347030171,0.999332405256588,0.998761333866206,0.995819707111081,0.999971910718857,1.00053421019275,1.00274431038063,0.999061362073477,1.00017504858106,1.00104225534652,1.00117069178565,1.00689346433063,1.00095699866781,0.998002338746552,0.99700808444766,0.99739001494795,0.996389761592737,0.997418718239087,0.99981847268226
15,0.985981702457809,0.993118813090887,0.993250095926418,0.994518260910107,0.991866202420599,0.992094749895488,0.992041142817796,0.993130711830988,0.99560943181614,1.00050053656391,0.998842336207498,1.0060076264491,1.00634087424555,1.00704023722153,1.00890030793415,1.02632344112869,1.00616579913114,0.998270854986665,1.00013544723464,0.998518075209641,0.999420637186193,0.999083546911181,0.997144989565956,0.997557119967911,0.99839689538317,1.00660505686232,1.00918322005525,1.00365178033343,1.00773203837759,1.0096603688494,1.00914108472389,1.01377023810643,1.04411589702744,1.00583496415019,1.05279705571878,1.003944742413,1.00118621464384,1.00858378955833,1.00951277832172,1.0102511542515,1.01367489925152,1.01213224868379,1.0061994507317,1.01138263781544,1.01058621789705,1.01274008996141,1.01321881921755,1.01731708781075,1.03585118972549,1.01053409341772,1.01146699368184,1.01686508277025,1.0119307133071,1.0132291417048,1.0157913514424,1.01834167030063,1.01863844418791,1.02123716376606,1.04325713137884,1.01557034999499,1.0183611202506,1.02610541253827,1.03001176770763,1.02682439626134,1.02925244415226,1.03168186968216,1.05705126314729
14,1.00620807039397,0.990418088519114,0.999215006283102,0.994999576068061,0.995052273736135,0.996759725776567,0.987402621431666,1.00701541323912,0.99827827448573,1.00273500972358,1.00100973756022,0.995667838312548,0.996997439964363,0.997588690994091,0.997216111150865,0.992502748071562,1.0079493225406,1.00297607708656,1.00313093941017,1.00457858731198,0.995796361676455,1.0022903781238,0.997291762307116,0.98622157831139,0.99137802120358,0.996512272562389,0.996516611585694,1.00509740510444,1.01001002300699,0.999629665894389,0.995058877362886,0.997738167573873,0.988054014435293,0.995954311137809,1.03898142666246,0.993812035830954,1.00611178382401,0.994026197314511,0.997295794919466,0.995869831507599,0.99186593569658,1.0022343127003,0.989884192817188,1.00492867248873,0.990728688343238,0.990293487894927,0.994270362523961,0.991437081754229,0.986568128201048,1.0082298492199,0.990977858934601,1.00909638503725,1.0141559067963,0.997959122200129,0.997457552106083,1.00844823466909,0.996053786057883,1.00141527044988,0.99419072209412,1.01788348264607,1.01288297783493,0.986862365124837,1.00235312228292,1.00144083018619,1.00433322547468,1.00592670571052,0.993353940344553
12,0.970594270806685,0.967217406094167,0.987615634638231,0.996280019998896,1.00951720850367,1.00500302567127,0.995269862042098,0.99101894129254,0.990806114536471,1.00131693761566,0.956851993759998,0.962881379844891,0.97113058003048,0.964007937507533,0.960400629598201,1.10863283968117,1.06551080081003,1.03373216107057,1.03847224976125,1.03887863476625,0.998944195932934,0.994330412764725,1.0005581984005,0.997034696123953,1.03213494790966,0.999118910087553,1.03247768696716,0.94675500482298,0.971403176997086,0.978580046656502,0.981755244029333,1.01002038960098,1.18910119271362,0.996315853149404,1.01506460840955,0.987870478874547,0.99549757663658,0.97932463399211,0.980700835596291,0.993384170227271,0.986340030898464,0.967630585314538,0.956483424854388,0.959807254983814,0.970269444902782,0.9408779094516,0.947950262069501,0.952158678256734,1.1130226781642,1.0045998471272,1.00820527307595,0.993988956553031,0.959685533903531,0.940158318453601,0.939275787265178,0.931065701171326,0.932090149087978,0.937621970052593,1.08362601268701,0.821566280943491,0.878200495944502,0.928688309886505,0.948239117591775,0.925015667817688,0.933273449268791,0.945809913266507,1.12206138237825
11,0.919710731282271,0.948990103817845,0.975537281277489,0.98387731050285,0.997261322609923,1.00049606470868,0.995202774164376,0.999564919918439,0.999152968974033,0.998808072900949,1.0124353865934,1.00331240207179,0.989269914522427,0.978983607506803,0.941413733000454,0.827986739421745,1.02980495282975,1.00013712154305,1.01020340395901,1.01184948644937,0.976878860344461,0.975228434594538,0.981404466555728,0.982755440249688,1.02242769686499,0.978540300866404,1.01292320844072,1.01087396144411,1.0283347638916,0.996561444291346,0.998641260297083,0.969691848170661,0.795113375027447,0.957838110866633,1.06434909000889,0.972403378680982,0.978380854750716,0.976807615422491,0.969774584047539,0.969214021617074,0.960024316391149,0.986173222098911,0.998217740544906,0.972408742289503,0.955732082523781,0.930955183970174,0.93402270024915,0.898812099441956,0.776998096937435,1.02531070836528,0.992487763090638,0.982711252348696,1.03147892544441,1.02714039150874,0.997884746321433,0.969321764722723,0.96764074863064,0.942622805611758,0.809105098732721,1.12277831892254,1.09895558406958,1.02297799475124,1.0076882296282,0.982493195254344,0.983039235545095,0.939560125786511,0.790055099240249
10,0.970975120003526,0.979400930689496,0.978344091440142,0.977876773842243,0.977498184586354,0.978045182946527,0.977865968261277,0.977161134040886,0.986246461252518,1.01240651585522,0.988664058256035,1.00583362187697,1.00562617303212,1.00238661251498,1.00452672999677,1.01837899245422,0.996658958473718,0.991470083439665,0.993696139381229,0.992448796941469,0.99121601203265,0.989748872528178,0.988775990805039,0.987158295091884,0.996387252762939,1.02961341944049,1.02969596002118,1.00071237889334,1.02498226671965,1.02357314942146,1.01607491304825,1.01946233680887,1.04256159257003,0.99911670211766,1.03065971216565,0.994287208941449,0.996408184236804,1.00245320171462,1.00576956890072,1.02649071829539,1.03336843918445,1.01012302427449,1.01724885036151,1.02811221880109,1.0288740714148,1.02390639807451,1.02747106384608,1.03080223182027,1.04704060330319,1.03951919647411,1.09528748391639,1.08456775184517,1.02857851488835,1.04258688351456,1.05857327562483,1.05657990534638,1.05145398880992,1.05388014343999,1.05966472771911,0.926853306804617,0.996203903914997,1.02378528143447,1.02025985497274,1.01249618730716,1.01845163041622,1.02120359917348,1.03789423552803
9,1.00742252687975,0.991641982044168,0.993697421205338,0.995019614112323,0.993534396045066,0.992572663884176,0.992191366678247,0.992510625547154,0.996899279133559,0.9973338758039,0.978780399223291,0.977885025973077,0.980915680937162,0.978990527145866,0.980818212523162,1.00006818514781,1.00050038714181,0.997403861054787,0.994070852667997,0.994999359390161,0.993722430869939,0.994698990726193,0.995486797771166,0.996205239839332,0.99769925427665,1.00407605395205,0.999243141943127,0.983863541021154,0.985940930875964,0.987623626699174,0.98550186344635,0.988915848962383,1.01026596899348,1.00286966012809,0.967757898648694,1.00199658856653,1.00281181273918,0.996345829411105,1.00108010679028,1.00625498932363,1.00439372668985,0.991902786575781,0.994817040690089,0.997199824331393,0.999273191607706,0.996669264516972,0.999097619053272,0.998554577739228,1.01492537670492,1.00667896379183,1.02025047307795,1.01218396475597,0.989452081937591,0.9887193374285,0.989273690253072,0.986290857125631,0.985937337541611,0.986764804469839,1.00369039395603,0.925405980985694,0.96222514734886,0.976727565954192,0.982742096729696,0.982678934200203,0.983029465415293,0.984871833022309,1.00573468930783
7,0.986373777730046,0.987772778067124,0.991717867890417,0.992268792352007,0.992370778286063,0.992284890333533,0.991500164866546,0.989858881149293,0.991766834204864,0.998692057319139,0.980909098204184,0.988326285633734,0.993479469157246,0.993794708981763,1.0026254018137,1.06775408217473,1.0012355187847,0.993823059626977,0.994401532003167,0.993853415226446,0.992904217454089,0.99239185268545,0.990998308369191,0.991218918659778,0.991892592223634,0.998902448696979,1.00211907330918,0.975634178854921,0.978257845779063,0.985651970884376,0.9851451126429,0.998935377482665,1.0904479233265,0.998903385482537,0.772517795567064,0.9895133256021,0.992518861870999,0.990587719194856,0.994066853451301,0.998194681340343,1.00071681621455,0.988201979438513,0.982662972671713,0.987102437352935,0.990850270881616,0.990830596710252,0.992396971654658,1.00526423291516,1.08045504748667,0.999918586841837,1.01619626727258,1.01425461407364,0.988837502370086,0.983799814241182,0.987916829698821,0.993003458511021,0.992289153894224,1.00090945386128,1.07677214209014,0.924014975645108,0.949893593453221,0.980148855821438,0.984549559733356,0.983938379760733,0.986367513559625,1.00119795489046,1.08877655991346
5,1.02875291037045,1.02348611977969,1.01698251555522,1.02380289084605,1.01483038680251,1.02628537807184,1.01842141273587,1.01840456202994,1.01882339660485,1.01254287237648,1.02186891775266,1.04019970034008,1.01958543633723,1.02938025678739,1.01839959313873,0.99837427566181,1.01619552065912,1.00406043575896,0.994378990616736,1.00574702910338,1.0045293822529,1.00349988600506,0.995456932597941,1.01405603229705,1.00433329664058,0.99237156324659,1.0017616394248,1.00953289412242,1.00676192137325,1.00461688858206,1.00746678111438,1.00495073755954,0.973944955754454,0.997106168076406,1.04018714890454,0.987905039277065,0.990535335243537,0.990491198989442,1.00152161568912,0.98486586977047,0.978132191598629,0.991713047910852,0.995672862685862,0.981068984818137,0.995622733429216,0.986786977908181,0.987048804529721,0.983565568919508,0.959575537269983,0.982359510263509,0.9676308941889,0.977515437657091,0.982010323038678,0.999521514584097,0.99713515369527,0.990656428786418,1.00063598092057,0.994754580143713,0.978754640571557,1.04598672604523,1.01843918144786,0.993274007388256,0.995056489715837,0.998864080432747,0.999779558791002,0.993316426743864,0.978431909749558
1,0.996223364636293,0.999634324618806,1.00281769909959,1.00135577126215,0.99535247799069,0.996869465605205,1.0097082894337,1.01053751144844,1.00166105650414,1.01740626443802,1.00645306142358,1.01008970887493,1.01145868670664,1.0107300342899,1.02051092339308,1.03335243569632,1.00040457260069,0.99918586692888,0.990601335081047,1.00063389321404,0.990769418466992,0.991783028410238,0.99240880373313,1.00053480681312,0.995747187223983,1.00515668075912,1.01361649819526,0.999420187037548,1.00699437232327,1.01250527088161,1.009074239947,1.00862007088872,1.03017629099756,0.987420831525196,1.29520592046806,0.992336280731235,1.01532662740135,1.01018926118238,1.01056488954122,1.01913234692556,1.03120187977257,1.02949251860077,1.00945293805693,1.01658163773189,1.0420651974084,1.02939693860757,1.02934045773939,1.02851044151428,1.04244589703257,1.02684693322772,1.02891554301437,1.02528828668521,1.01506720630604,1.02331545709252,1.04670903636586,1.02392604422476,1.02014481672641,1.02698544444911,1.03629214741211,0.956626138396466,0.997480585067288,1.01558761954795,1.02013675314309,1.00834337217373,1.00834356205028,1.0141279759061,1.03364350574202
